candidate_id,물품번호,물품명,사업자번호_정규화,업체명,물품별_AI순위,전체_AI순위,AI예측점수,규칙기반_균형형_물품별순위,규칙기반_균형형_전체순위,규칙기반_균형형점수,대표물품,제조업체,낙찰건수,최근낙찰건수,부정당제재,현재제재여부,창업기업,장애인표준사업장
301,4010160101,송풍기,3050743164,컴텍시스템,1,86,0.166767,1,15,34.3875,0.0,0.0,99.0,20.0,0.0,0.0,0.0,0.0
302,4010160101,송풍기,2048197877,주식회사 그린주의,2,120,0.088165,2,16,34.1527,0.0,0.0,78.0,32.0,0.0,0.0,0.0,0.0
349,4010160101,송풍기,3271901186,엠에이치테크,3,129,0.067316,44,306,15.7845,0.0,0.0,16.0,3.0,0.0,0.0,0.0,0.0
338,4010160101,송풍기,2292401057,클로버,4,147,0.040038,47,316,15.3548,0.0,0.0,19.0,2.0,0.0,0.0,0.0,0.0
304,4010160101,송풍기,1228646713,주식회사 새론아이,5,149,0.038777,10,85,25.5796,0.0,0.0,58.0,3.0,0.0,0.0,0.0,0.0
462,4014169401,제수밸브,6502401417,선유통,1,162,0.029296,12,288,16.4893,0.0,0.0,17.0,4.0,0.0,0.0,0.0,0.0
486,4014169401,제수밸브,7180103124,제이와이시스템,2,212,0.015885,32,401,11.267,0.0,0.0,9.0,4.0,0.0,0.0,0.0,0.0
500,4014169401,제수밸브,3253301264,미정유통,3,226,0.014232,38,427,10.2252,0.0,0.0,7.0,4.0,0.0,0.0,0.0,0.0
473,4014169401,제수밸브,1084674027,한컴퍼니,4,230,0.013841,17,331,14.4996,0.0,0.0,11.0,4.0,0.0,0.0,0.0,0.0
459,4014169401,제수밸브,3294700944,우주유통,5,242,0.011808,10,252,17.5379,0.0,0.0,19.0,5.0,0.0,0.0,0.0,0.0
258,4015150501,정량펌프,2632300779,천지하이텍,1,8,0.814433,7,149,22.542,0.0,1.0,18.0,5.0,0.0,0.0,0.0,0.0
292,4015150501,정량펌프,4188116911,유한회사 일도엔지니어링,2,15,0.716573,23,393,11.5341,0.0,1.0,6.0,0.0,0.0,0.0,0.0,0.0
300,4015150501,정량펌프,8468101781,(주)나인티에스,3,17,0.68597,25,411,10.8468,0.0,1.0,6.0,1.0,0.0,0.0,0.0,0.0
275,4015150501,정량펌프,2988102360,주식회사 아이수(i-su Inc.),4,21,0.65437,13,260,17.355,0.0,1.0,9.0,4.0,0.0,0.0,0.0,0.0
279,4015150501,정량펌프,1131581453,동양펌프,5,28,0.51686,14,263,17.2844,0.0,1.0,8.0,3.0,0.0,0.0,0.0,0.0
422,4015151301,수중펌프,3978200633,(사)한빛장애인협회 환경사업단,1,5,0.854671,8,219,18.8312,0.0,1.0,8.0,5.0,0.0,0.0,0.0,0.0
419,4015151301,수중펌프,2988102360,주식회사 아이수(i-su Inc.),2,10,0.808008,4,152,22.355,1.0,1.0,9.0,4.0,0.0,0.0,0.0,0.0
423,4015151301,수중펌프,1131581453,동양펌프,3,12,0.749948,10,264,17.2844,0.0,1.0,8.0,3.0,0.0,0.0,0.0,0.0
408,4015151301,수중펌프,5688200569,사단법인 벗나래복지회사업단,4,14,0.72054,3,67,26.8108,0.0,1.0,17.0,17.0,0.0,0.0,0.0,0.0
435,4015151301,수중펌프,4188152426,하이스트 주식회사,5,29,0.494381,12,303,15.9198,0.0,1.0,6.0,5.0,0.0,0.0,0.0,0.0
102,4016150601,여과장치,5038134949,(주)이코우,1,13,0.727805,2,6,36.6037,0.0,1.0,60.0,17.0,0.0,0.0,0.0,0.0
119,4016150601,여과장치,6068120439,(주)네가트론,2,34,0.433126,11,71,26.7614,0.0,1.0,26.0,5.0,0.0,0.0,0.0,0.0
115,4016150601,여과장치,4098162406,대성이엔이 주식회사,3,45,0.364934,7,38,28.8003,0.0,1.0,30.0,6.0,0.0,0.0,0.0,0.0
126,4016150601,여과장치,1608803078,유명이엔지주식회사,4,63,0.233437,3,13,34.8521,0.0,1.0,21.0,12.0,0.0,0.0,1.0,0.0
129,4016150601,여과장치,3978101727,디에스엔텍 주식회사,5,69,0.210281,6,22,31.9259,0.0,1.0,20.0,3.0,0.0,0.0,1.0,0.0
364,4111250101,유량계,2138639269,주식회사 하이드로넷,1,18,0.68417,5,100,24.6919,0.0,1.0,19.0,8.0,0.0,0.0,0.0,0.0
353,4111250101,유량계,2108159349,주식회사 피디원 (PDONE),2,67,0.217099,1,34,29.4499,0.0,0.0,53.0,11.0,0.0,0.0,0.0,0.0
384,4111250101,유량계,1248137874,한양이엔지 주식회사,3,73,0.199574,14,230,18.3489,0.0,0.0,11.0,4.0,0.0,0.0,0.0,0.0
379,4111250101,유량계,2060684804,인텍시스템,4,136,0.05637,46,431,9.873,0.0,0.0,12.0,0.0,0.0,0.0,0.0,0.0
352,4111250101,유량계,1160724873,나산상사,5,194,0.018232,2,52,27.6012,0.0,0.0,54.0,10.0,0.0,0.0,0.0,0.0
78,4111331901,기타수질분석기,1238154375,주식회사 씨케이테크피아,1,1,0.920838,17,54,27.4767,0.0,1.0,22.0,10.0,0.0,0.0,0.0,0.0
74,4111331901,기타수질분석기,5828101679,주식회사 비에이치,2,6,0.834073,2,11,35.104,1.0,0.0,25.0,6.0,0.0,0.0,1.0,0.0
55,4111331901,기타수질분석기,1308123448,호리바코리아(주),3,9,0.813152,8,31,29.9421,0.0,0.0,47.0,9.0,0.0,0.0,0.0,0.0
65,4111331901,기타수질분석기,6168157632,주식회사 대은계전,4,11,0.806361,6,25,30.5439,0.0,1.0,30.0,11.0,0.0,0.0,0.0,0.0
72,4111331901,기타수질분석기,2188101953,주식회사 비츠로시스,5,19,0.681302,23,114,23.749,0.0,0.0,26.0,8.0,0.0,0.0,0.0,0.0
48,4710160801,유기응집제,2838102688,주식회사 비젼바이오,1,2,0.914792,6,18,32.8814,0.0,1.0,22.0,11.0,0.0,0.0,1.0,0.0
21,4710160801,유기응집제,1138136157,금성이엔씨(주),2,16,0.695706,18,88,25.3907,0.0,0.0,31.0,16.0,0.0,0.0,0.0,0.0
40,4710160801,유기응집제,1074471440,선경에스엔티,3,26,0.530174,44,203,19.5424,0.0,0.0,25.0,5.0,0.0,0.0,0.0,0.0
35,4710160801,유기응집제,3968701707,주식회사 명신테크,4,30,0.484703,8,24,30.6164,0.0,0.0,25.0,8.0,0.0,0.0,1.0,0.0
37,4710160801,유기응집제,7498801586,(주)에이치비바이오,5,31,0.459573,47,247,17.7285,0.0,0.0,25.0,1.0,0.0,0.0,0.0,0.0
168,4710160802,무기응집제,2838102688,주식회사 비젼바이오,1,4,0.880517,7,96,24.8814,0.0,1.0,22.0,11.0,0.0,0.0,0.0,0.0
199,4710160802,무기응집제,1078738448,(주) 정토산업,2,24,0.628508,48,418,10.4949,0.0,0.0,11.0,3.0,0.0,0.0,0.0,0.0
179,4710160802,무기응집제,5038128637,(주)로얄정공,3,27,0.530034,17,189,20.1044,0.0,0.0,16.0,7.0,0.0,0.0,0.0,0.0
154,4710160802,무기응집제,1178186004,주식회사 와풀,4,56,0.298209,2,40,28.7681,0.0,0.0,44.0,16.0,0.0,0.0,0.0,0.0
172,4710160802,무기응집제,4018700204,(주)도원에코텍,5,68,0.2163,20,198,19.8104,0.0,0.0,20.0,5.0,0.0,0.0,0.0,0.0
222,4710169801,수처리용여과재,2068610605,케이원에코텍 주식회사,1,3,0.895763,8,76,26.6382,0.0,1.0,20.0,7.0,0.0,0.0,0.0,0.0
217,4710169801,수처리용여과재,1168170950,삼천리활성탄소(주),2,7,0.823284,4,37,28.8031,1.0,0.0,24.0,8.0,0.0,0.0,0.0,0.0
206,4710169801,수처리용여과재,6088601170,케이원산업 주식회사,3,62,0.239201,11,133,23.2226,0.0,0.0,38.0,9.0,0.0,0.0,0.0,0.0
212,4710169801,수처리용여과재,5118127226,주식회사 마크온탑,4,114,0.101859,14,158,21.9629,0.0,0.0,27.0,7.0,0.0,0.0,0.0,0.0
241,4710169801,수처리용여과재,1141708314,미성엔지니어링,5,125,0.072161,32,278,16.8088,0.0,0.0,13.0,6.0,0.0,0.0,0.0,0.0
