candidate_id,물품번호,물품명,사업자번호,사업자번호_정규화,업체명,대표물품,제조업체
1,4710160801,유기응집제,6598802147,6598802147,주식회사 헤이치 인 헤이치(H in H),N,N
2,4710160801,유기응집제,2048197877,2048197877,주식회사 그린주의,N,N
3,4710160801,유기응집제,6768601611,6768601611,주식회사 루트웰,N,N
4,4710160801,유기응집제,1160724873,1160724873,나산상사,N,N
5,4710160801,유기응집제,1728603252,1728603252,주식회사 리즈너스,N,N
6,4710160801,유기응집제,1861501398,1861501398,제이에이치테크,N,N
7,4710160801,유기응집제,4858601669,4858601669,주식회사 모아텍,N,N
8,4710160801,유기응집제,1308685487,1308685487,바이오퍼스글로벌 주식회사,N,N
9,4710160801,유기응집제,1178186004,1178186004,주식회사 와풀,N,N
10,4710160801,유기응집제,5031999741,5031999741,대진통상,N,N
11,4710160801,유기응집제,5061739883,5061739883,연천종합물산,N,N
12,4710160801,유기응집제,2521201281,2521201281,에이디 커머스,N,N
13,4710160801,유기응집제,4645800414,4645800414,푸드라인,N,N
14,4710160801,유기응집제,2824900315,2824900315,서울우유 신안동 고객센터,N,N
15,4710160801,유기응집제,1488701170,1488701170,주식회사 세진에코텍,N,N
16,4710160801,유기응집제,7600201935,7600201935,남양우유신안동가정대리점,N,N
17,4710160801,유기응집제,4335900794,4335900794,국가대표 선,N,N
18,4710160801,유기응집제,8918101078,8918101078,알파유통 주식회사,N,N
19,4710160801,유기응집제,7958701414,7958701414,주식회사 씨티원 충남,N,N
20,4710160801,유기응집제,4578801111,4578801111,주식회사 가경이앤씨,N,N
21,4710160801,유기응집제,1138136157,1138136157,금성이엔씨(주),N,N
22,4710160801,유기응집제,4098162406,4098162406,대성이엔이 주식회사,N,N
23,4710160801,유기응집제,3018193115,3018193115,(주)현일,N,N
24,4710160801,유기응집제,1942600358,1942600358,유신약품,N,N
25,4710160801,유기응집제,4193201276,4193201276,태화기업,N,N
26,4710160801,유기응집제,3091861646,3091861646,모아상사,N,N
27,4710160801,유기응집제,3791601089,3791601089,수미테크,N,N
28,4710160801,유기응집제,7800601918,7800601918,서울우유안동급식고객센터,N,N
29,4710160801,유기응집제,3141879298,3141879298,주성테크,N,N
30,4710160801,유기응집제,5118127226,5118127226,주식회사 마크온탑,N,N
31,4710160801,유기응집제,1312045032,1312045032,툴데포,N,N
32,4710160801,유기응집제,4108632912,4108632912,유한회사 창해,N,N
33,4710160801,유기응집제,5855300211,5855300211,자연가,N,N
34,4710160801,유기응집제,1698101874,1698101874,(유)아성개발,N,N
35,4710160801,유기응집제,3968701707,3968701707,주식회사 명신테크,N,N
36,4710160801,유기응집제,7820901711,7820901711,모아테크,N,N
37,4710160801,유기응집제,7498801586,7498801586,(주)에이치비바이오,N,N
38,4710160801,유기응집제,2273001106,2273001106,서이트레이드,N,N
39,4710160801,유기응집제,5323701365,5323701365,케이엘컴퍼니,N,N
40,4710160801,유기응집제,1074471440,1074471440,선경에스엔티,N,N
41,4710160801,유기응집제,4038183209,4038183209,탑아이티 주식회사,N,N
42,4710160801,유기응집제,8062001161,8062001161,거성산업,N,N
43,4710160801,유기응집제,7390302693,7390302693,대한시스텍,N,N
44,4710160801,유기응집제,5088138412,5088138412,"농업회사법인디엔에이주식회사(D.N.A. Co., Ltd)",N,N
45,4710160801,유기응집제,1222645933,1222645933,디자인 청호,N,N
46,4710160801,유기응집제,1790200940,1790200940,필 글로벌(PHIL GLOBAL),N,N
47,4710160801,유기응집제,4344300627,4344300627,대산이엔지,N,N
48,4710160801,유기응집제,2838102688,2838102688,주식회사 비젼바이오,N,Y
49,4710160801,유기응집제,5331002128,5331002128,시지에이치,N,N
50,4710160801,유기응집제,1138163993,1138163993,한성중공업(주),N,N
51,4111331901,기타수질분석기,1148604783,1148604783,써모피셔사이언티픽솔루션스 유한회사,N,N
52,4111331901,기타수질분석기,6218701961,6218701961,주식회사이지랩,N,N
53,4111331901,기타수질분석기,2108159349,2108159349,주식회사 피디원 (PDONE),N,N
54,4111331901,기타수질분석기,1728603252,1728603252,주식회사 리즈너스,N,N
55,4111331901,기타수질분석기,1308123448,1308123448,호리바코리아(주),N,N
56,4111331901,기타수질분석기,2068627654,2068627654,주식회사 원캐스트,N,N
57,4111331901,기타수질분석기,5938702267,5938702267,주식회사 이솔사이언스,N,N
58,4111331901,기타수질분석기,2078802795,2078802795,주식회사 클라우드소프트,N,N
59,4111331901,기타수질분석기,1348121423,1348121423,주식회사 서전기전,N,N
60,4111331901,기타수질분석기,8235600263,8235600263,제이퍼블리코,N,N
61,4111331901,기타수질분석기,2824900315,2824900315,서울우유 신안동 고객센터,N,N
62,4111331901,기타수질분석기,7600201935,7600201935,남양우유신안동가정대리점,N,N
63,4111331901,기타수질분석기,2852501641,2852501641,유니플러스,N,N
64,4111331901,기타수질분석기,3328802499,3328802499,주식회사 루트텍,N,N
65,4111331901,기타수질분석기,6168157632,6168157632,주식회사 대은계전,N,Y
66,4111331901,기타수질분석기,2568802462,2568802462,주식회사 연승,N,N
67,4111331901,기타수질분석기,2051667999,2051667999,만선테크,N,N
68,4111331901,기타수질분석기,5151604381,5151604381,연택테크,N,N
69,4111331901,기타수질분석기,3658800905,3658800905,주식회사 가나이엔지,N,N
70,4111331901,기타수질분석기,5118127226,5118127226,주식회사 마크온탑,N,N
71,4111331901,기타수질분석기,6200244688,6200244688,피앤에스,N,N
72,4111331901,기타수질분석기,2188101953,2188101953,주식회사 비츠로시스,N,N
73,4111331901,기타수질분석기,6348600656,6348600656,주식회사비전제어시스템,N,N
74,4111331901,기타수질분석기,5828101679,5828101679,주식회사 비에이치,Y,N
75,4111331901,기타수질분석기,4181202459,4181202459,아이들문구,N,N
76,4111331901,기타수질분석기,4038183209,4038183209,탑아이티 주식회사,N,N
77,4111331901,기타수질분석기,2150235895,2150235895,모두사랑,N,N
78,4111331901,기타수질분석기,1238154375,1238154375,주식회사 씨케이테크피아,N,Y
79,4111331901,기타수질분석기,6918600192,6918600192,주식회사 엘티에스바이오,N,N
80,4111331901,기타수질분석기,1322366711,1322366711,드림팩토리,N,N
81,4111331901,기타수질분석기,8218801326,8218801326,주식회사 가은메탈,N,N
82,4111331901,기타수질분석기,4721301373,4721301373,어진컴퍼니,N,N
83,4111331901,기타수질분석기,5102410281,5102410281,세진싸이언스,N,N
84,4111331901,기타수질분석기,2903101270,2903101270,다인에스티,N,N
85,4111331901,기타수질분석기,8612101471,8612101471,테라물라,N,N
86,4111331901,기타수질분석기,6938600164,6938600164,주식회사 마한건설조명,N,N
87,4111331901,기타수질분석기,6091669087,6091669087,대광산업,N,N
88,4111331901,기타수질분석기,8891000019,8891000019,동행상사,N,N
89,4111331901,기타수질분석기,4040197932,4040197932,삼미상사,N,N
90,4111331901,기타수질분석기,4098116407,4098116407,주식회사탑원산업,N,N
91,4111331901,기타수질분석기,2938701844,2938701844,주식회사 성은공조,N,N
92,4111331901,기타수질분석기,1378604597,1378604597,주식회사 선진일렉텍,N,N
93,4111331901,기타수질분석기,1458102877,1458102877,주식회사 오성테크,N,N
94,4111331901,기타수질분석기,6502401417,6502401417,선유통,N,N
95,4111331901,기타수질분석기,2081552260,2081552260,제주드림코리아,N,N
96,4111331901,기타수질분석기,2023505919,2023505919,연홍코퍼레이션,N,N
97,4111331901,기타수질분석기,6108108303,6108108303,대성자원개발 주식회사,N,N
98,4111331901,기타수질분석기,3052389947,3052389947,미래코리아비지니스,N,N
99,4111331901,기타수질분석기,2363501430,2363501430,디피에스테크놀로지,N,N
100,4111331901,기타수질분석기,1308646112,1308646112,주식회사아이티베이스,N,N
101,4016150601,여과장치,8278602014,8278602014,주식회사 혼정보통신,N,N
102,4016150601,여과장치,5038134949,5038134949,(주)이코우,N,Y
103,4016150601,여과장치,7620400047,7620400047,에스지에스,N,N
104,4016150601,여과장치,7394000782,7394000782,더원컴퍼니,N,N
105,4016150601,여과장치,7278602368,7278602368,주식회사 숨,N,N
106,4016150601,여과장치,4858601669,4858601669,주식회사 모아텍,N,N
107,4016150601,여과장치,4555100293,4555100293,로드파크,N,N
108,4016150601,여과장치,2078802795,2078802795,주식회사 클라우드소프트,N,N
109,4016150601,여과장치,7810302068,7810302068,에이스건설산업,N,N
110,4016150601,여과장치,6870700558,6870700558,에스엠제이,N,N
111,4016150601,여과장치,7958701414,7958701414,주식회사 씨티원 충남,N,N
112,4016150601,여과장치,6671900936,6671900936,제이디아이(JDI),N,N
113,4016150601,여과장치,4578801111,4578801111,주식회사 가경이앤씨,N,N
114,4016150601,여과장치,3058149402,3058149402,주식회사 아워스,N,N
115,4016150601,여과장치,4098162406,4098162406,대성이엔이 주식회사,N,Y
116,4016150601,여과장치,3091861646,3091861646,모아상사,N,N
117,4016150601,여과장치,8578100569,8578100569,(주)제이인터내셔날,N,N
118,4016150601,여과장치,7511001877,7511001877,비피엔,N,N
119,4016150601,여과장치,6068120439,6068120439,(주)네가트론,N,Y
120,4016150601,여과장치,6231501484,6231501484,다온상사,N,N
121,4016150601,여과장치,1138196062,1138196062,주식회사 케이에스엔텍,N,N
122,4016150601,여과장치,7820901711,7820901711,모아테크,N,N
123,4016150601,여과장치,2273001106,2273001106,서이트레이드,N,N
124,4016150601,여과장치,7390302693,7390302693,대한시스텍,N,N
125,4016150601,여과장치,2702501178,2702501178,도담,N,N
126,4016150601,여과장치,1608803078,1608803078,유명이엔지주식회사,N,Y
127,4016150601,여과장치,4551701809,4551701809,니즈스토리,N,N
128,4016150601,여과장치,7117800297,7117800297,한나유통,N,N
129,4016150601,여과장치,3978101727,3978101727,디에스엔텍 주식회사,N,Y
130,4016150601,여과장치,4601501321,4601501321,토마토,N,N
131,4016150601,여과장치,2803701009,2803701009,오성,N,N
132,4016150601,여과장치,8612101471,8612101471,테라물라,N,N
133,4016150601,여과장치,3294700944,3294700944,우주유통,N,N
134,4016150601,여과장치,2168148122,2168148122,주식회사 르몽드인터내셔널,N,N
135,4016150601,여과장치,1371217543,1371217543,청진유통,N,N
136,4016150601,여과장치,3061864998,3061864998,에스코,N,N
137,4016150601,여과장치,3883001492,3883001492,유엔글로벌,N,N
138,4016150601,여과장치,7608100625,7608100625,대신이엔텍 주식회사,N,Y
139,4016150601,여과장치,1218186809,1218186809,(주)씨티원서비스,N,N
140,4016150601,여과장치,5568101156,5568101156,주식회사 우리에이치알컴퍼니,N,N
141,4016150601,여과장치,6990302508,6990302508,해리엔터프라이즈,N,N
142,4016150601,여과장치,5073600534,5073600534,엔젤테크,N,N
143,4016150601,여과장치,6502401417,6502401417,선유통,N,N
144,4016150601,여과장치,4210602677,4210602677,구름미디어,N,N
145,4016150601,여과장치,3148612199,3148612199,주식회사 유노미아,N,N
146,4016150601,여과장치,5918100427,5918100427,주식회사 수연티앤씨,N,N
147,4016150601,여과장치,6706200447,6706200447,에스엔컴퍼니,N,N
148,4016150601,여과장치,2081552260,2081552260,제주드림코리아,N,N
149,4016150601,여과장치,7342101806,7342101806,나노시스,N,N
150,4016150601,여과장치,2010989673,2010989673,사회문화＆세무정보사,N,N
151,4710160802,무기응집제,6768601611,6768601611,주식회사 루트웰,N,N
152,4710160802,무기응집제,1160724873,1160724873,나산상사,N,N
153,4710160802,무기응집제,1728603252,1728603252,주식회사 리즈너스,N,N
154,4710160802,무기응집제,1178186004,1178186004,주식회사 와풀,N,N
155,4710160802,무기응집제,5031999741,5031999741,대진통상,N,N
156,4710160802,무기응집제,2521201281,2521201281,에이디 커머스,N,N
157,4710160802,무기응집제,1488701170,1488701170,주식회사 세진에코텍,N,N
158,4710160802,무기응집제,2852501641,2852501641,유니플러스,N,N
159,4710160802,무기응집제,1058649262,1058649262,주식회사 노하우전기통신,N,N
160,4710160802,무기응집제,2092569555,2092569555,탑에스씨,N,N
161,4710160802,무기응집제,3091861646,3091861646,모아상사,N,N
162,4710160802,무기응집제,5118127226,5118127226,주식회사 마크온탑,N,N
163,4710160802,무기응집제,8878102928,8878102928,주식회사 제이디폼,N,N
164,4710160802,무기응집제,4018140669,4018140669,(유)신성시엔시,N,N
165,4710160802,무기응집제,1138196062,1138196062,주식회사 케이에스엔텍,N,N
166,4710160802,무기응집제,7390302693,7390302693,대한시스텍,N,N
167,4710160802,무기응집제,1790200940,1790200940,필 글로벌(PHIL GLOBAL),N,N
168,4710160802,무기응집제,2838102688,2838102688,주식회사 비젼바이오,N,Y
169,4710160802,무기응집제,5331002128,5331002128,시지에이치,N,N
170,4710160802,무기응집제,2903101270,2903101270,다인에스티,N,N
171,4710160802,무기응집제,4551701809,4551701809,니즈스토리,N,N
172,4710160802,무기응집제,4018700204,4018700204,(주)도원에코텍,N,N
173,4710160802,무기응집제,6938600164,6938600164,주식회사 마한건설조명,N,N
174,4710160802,무기응집제,3883001492,3883001492,유엔글로벌,N,N
175,4710160802,무기응집제,6832501020,6832501020,성희기업,N,N
176,4710160802,무기응집제,1170866553,1170866553,대지come,N,N
177,4710160802,무기응집제,6061799594,6061799594,태일공구종합상사,N,N
178,4710160802,무기응집제,6502401417,6502401417,선유통,N,N
179,4710160802,무기응집제,5038128637,5038128637,(주)로얄정공,N,N
180,4710160802,무기응집제,6706200447,6706200447,에스엔컴퍼니,N,N
181,4710160802,무기응집제,1798102185,1798102185,주식회사 디오르마,N,N
182,4710160802,무기응집제,6062453261,6062453261,대광엘에스,N,N
183,4710160802,무기응집제,4508801309,4508801309,주식회사 엄지,N,N
184,4710160802,무기응집제,2218702533,2218702533,주식회사 이화진,N,N
185,4710160802,무기응집제,5250802328,5250802328,일호컴퍼니,N,N
186,4710160802,무기응집제,2638802174,2638802174,제이컴주식회사,N,N
187,4710160802,무기응집제,5762601388,5762601388,에스와이상사,N,N
188,4710160802,무기응집제,4410801337,4410801337,엔플,N,N
189,4710160802,무기응집제,1868702400,1868702400,주식회사 그린아이앤티,N,N
190,4710160802,무기응집제,2372201447,2372201447,제이에스씨 코퍼레이션,N,N
191,4710160802,무기응집제,1058739873,1058739873,신풍종합개발 주식회사,N,N
192,4710160802,무기응집제,7048802729,7048802729,에스클래스주식회사,N,N
193,4710160802,무기응집제,1081832612,1081832612,에이치아이엠,N,N
194,4710160802,무기응집제,2840702041,2840702041,대원,N,N
195,4710160802,무기응집제,1664901007,1664901007,비키,N,N
196,4710160802,무기응집제,2218116734,2218116734,(주)용두애브컴,Y,N
197,4710160802,무기응집제,6211381305,6211381305,대림로어패럴,N,N
198,4710160802,무기응집제,4131501117,4131501117,부농,N,N
199,4710160802,무기응집제,1078738448,1078738448,(주) 정토산업,N,N
200,4710160802,무기응집제,4448101663,4448101663,주식회사 지엔씨,N,N
201,4710169801,수처리용여과재,4178105425,4178105425,우석이엔지 주식회사,N,N
202,4710169801,수처리용여과재,2201501330,2201501330,태정,N,N
203,4710169801,수처리용여과재,4188153158,4188153158,주식회사 신성씨엔에스,N,N
204,4710169801,수처리용여과재,1861501398,1861501398,제이에이치테크,N,N
205,4710169801,수처리용여과재,4038104830,4038104830,주식회사 대성안전개발,N,N
206,4710169801,수처리용여과재,6088601170,6088601170,케이원산업 주식회사,N,N
207,4710169801,수처리용여과재,2521201281,2521201281,에이디 커머스,N,N
208,4710169801,수처리용여과재,2650101980,2650101980,경기모아상사,N,N
209,4710169801,수처리용여과재,1700702117,1700702117,에스앤디,N,N
210,4710169801,수처리용여과재,2568802462,2568802462,주식회사 연승,N,N
211,4710169801,수처리용여과재,6068659002,6068659002,(주)씨앤씨솔루션,N,N
212,4710169801,수처리용여과재,5118127226,5118127226,주식회사 마크온탑,N,N
213,4710169801,수처리용여과재,8878102928,8878102928,주식회사 제이디폼,N,N
214,4710169801,수처리용여과재,1698101874,1698101874,(유)아성개발,N,N
215,4710169801,수처리용여과재,6835400773,6835400773,삼우,N,N
216,4710169801,수처리용여과재,7820901711,7820901711,모아테크,Y,N
217,4710169801,수처리용여과재,1168170950,1168170950,삼천리활성탄소(주),Y,N
218,4710169801,수처리용여과재,8062001161,8062001161,거성산업,N,N
219,4710169801,수처리용여과재,1982100388,1982100388,제이케이컴퍼니,N,N
220,4710169801,수처리용여과재,4121425031,4121425031,건아,N,N
221,4710169801,수처리용여과재,2903101270,2903101270,다인에스티,N,N
222,4710169801,수처리용여과재,2068610605,2068610605,케이원에코텍 주식회사,N,Y
223,4710169801,수처리용여과재,3978101727,3978101727,디에스엔텍 주식회사,N,N
224,4710169801,수처리용여과재,6614200580,6614200580,미성상사,N,N
225,4710169801,수처리용여과재,1392800447,1392800447,두물기업,Y,N
226,4710169801,수처리용여과재,2691101486,2691101486,조앤테크,N,N
227,4710169801,수처리용여과재,7608100625,7608100625,대신이엔텍 주식회사,N,N
228,4710169801,수처리용여과재,2011525821,2011525821,주앤주,N,N
229,4710169801,수처리용여과재,1458102877,1458102877,주식회사 오성테크,Y,N
230,4710169801,수처리용여과재,6502401417,6502401417,선유통,N,N
231,4710169801,수처리용여과재,6101142405,6101142405,만우전기,N,N
232,4710169801,수처리용여과재,8272401230,8272401230,오정,N,N
233,4710169801,수처리용여과재,1798102185,1798102185,주식회사 디오르마,N,N
234,4710169801,수처리용여과재,1058762466,1058762466,(주)케이에이치그룹한국역사문화원,N,N
235,4710169801,수처리용여과재,3210402072,3210402072,비제이컴퍼니,N,N
236,4710169801,수처리용여과재,1318152607,1318152607,주식회사 극동 아이.씨.엠,N,N
237,4710169801,수처리용여과재,5250802328,5250802328,일호컴퍼니,N,N
238,4710169801,수처리용여과재,5253400601,5253400601,지에이치기업,N,N
239,4710169801,수처리용여과재,4450402330,4450402330,피와이테크,N,N
240,4710169801,수처리용여과재,6346100764,6346100764,레브,N,N
241,4710169801,수처리용여과재,1141708314,1141708314,미성엔지니어링,N,N
242,4710169801,수처리용여과재,4198802063,4198802063,주식회사 갑천만수,N,N
243,4710169801,수처리용여과재,5580801504,5580801504,더블유엠,N,N
244,4710169801,수처리용여과재,2840702041,2840702041,대원,N,N
245,4710169801,수처리용여과재,8808700159,8808700159,주식회사 하이패스텔,N,N
246,4710169801,수처리용여과재,5743001846,5743001846,에이치알에스(HRS),N,N
247,4710169801,수처리용여과재,6108170132,6108170132,(주)대교통상,N,N
248,4710169801,수처리용여과재,8930801386,8930801386,제이앤컴퍼니,N,N
249,4710169801,수처리용여과재,7398102236,7398102236,주식회사 정운씨앤씨,N,N
250,4710169801,수처리용여과재,2258601811,2258601811,주식회사 원나인텍,N,N
251,4015150501,정량펌프,6598802147,6598802147,주식회사 헤이치 인 헤이치(H in H),N,N
252,4015150501,정량펌프,2117400300,2117400300,에닐트 (HENNILT),N,N
253,4015150501,정량펌프,4098615290,4098615290,(주)서린사이언스,N,N
254,4015150501,정량펌프,2852501641,2852501641,유니플러스,N,N
255,4015150501,정량펌프,7527500263,7527500263,헤이치 인 헤이치(hand in hand),N,N
256,4015150501,정량펌프,1288686770,1288686770,주식회사 메디시온,N,N
257,4015150501,정량펌프,4020263826,4020263826,바이오필,N,N
258,4015150501,정량펌프,2632300779,2632300779,천지하이텍,N,Y
259,4015150501,정량펌프,5728702483,5728702483,주식회사 케이제이에스랩,N,N
260,4015150501,정량펌프,5688200569,5688200569,사단법인 벗나래복지회사업단,N,Y
261,4015150501,정량펌프,1798102185,1798102185,주식회사 디오르마,N,N
262,4015150501,정량펌프,1058762466,1058762466,(주)케이에이치그룹한국역사문화원,N,N
263,4015150501,정량펌프,2791401150,2791401150,가우정인,N,N
264,4015150501,정량펌프,8858700815,8858700815,주식회사 지에코,N,N
265,4015150501,정량펌프,8660501030,8660501030,서이과학교육,Y,N
266,4015150501,정량펌프,1401086324,1401086324,유니솔트,N,N
267,4015150501,정량펌프,6868702439,6868702439,주식회사 인팩솔루션,N,N
268,4015150501,정량펌프,1521801697,1521801697,평온상사,N,N
269,4015150501,정량펌프,3038602497,3038602497,주식회사 대림산업기술,N,N
270,4015150501,정량펌프,1348646550,1348646550,주식회사청솔엠테크,N,N
271,4015150501,정량펌프,7262601722,7262601722,창원,N,N
272,4015150501,정량펌프,4556600429,4556600429,승주상사,N,N
273,4015150501,정량펌프,6870801457,6870801457,굿디자인,N,N
274,4015150501,정량펌프,1308182281,1308182281,주식회사 상아엠에스디,N,N
275,4015150501,정량펌프,2988102360,2988102360,주식회사 아이수(i-su Inc.),N,Y
276,4015150501,정량펌프,4892601333,4892601333,원테크,N,N
277,4015150501,정량펌프,4012901334,4012901334,솔미,N,N
278,4015150501,정량펌프,3826700550,3826700550,헤븐산업,N,N
279,4015150501,정량펌프,1131581453,1131581453,동양펌프,N,Y
280,4015150501,정량펌프,6555400458,6555400458,애드톡컴퍼니,N,N
281,4015150501,정량펌프,4848700285,4848700285,주식회사 디케이엔지니어링,N,N
282,4015150501,정량펌프,2184100526,2184100526,씨티원 경기지점,N,N
283,4015150501,정량펌프,6083693694,6083693694,재동상사,N,N
284,4015150501,정량펌프,2854200988,2854200988,효명엔지니어링,N,N
285,4015150501,정량펌프,7928103347,7928103347,주식회사 프리젠,N,N
286,4015150501,정량펌프,4874600729,4874600729,신형,N,N
287,4015150501,정량펌프,4022170444,4022170444,미래홀딩스,N,N
288,4015150501,정량펌프,8544300608,8544300608,아즈위,N,N
289,4015150501,정량펌프,6413200836,6413200836,양현,N,N
290,4015150501,정량펌프,4162052579,4162052579,로젠스,N,N
291,4015150501,정량펌프,6990802444,6990802444,온그린,N,N
292,4015150501,정량펌프,4188116911,4188116911,유한회사 일도엔지니어링,N,Y
293,4015150501,정량펌프,8521602190,8521602190,휴먼,N,N
294,4015150501,정량펌프,8821501991,8821501991,지니어스케이,N,N
295,4015150501,정량펌프,5612601256,5612601256,엠솔루션,N,N
296,4015150501,정량펌프,5541000898,5541000898,유아이네추럴,N,N
297,4015150501,정량펌프,1501800090,1501800090,가빈,N,N
298,4015150501,정량펌프,2130233834,2130233834,한가람커뮤니케이션즈,N,N
299,4015150501,정량펌프,6352100820,6352100820,나린아토,N,N
300,4015150501,정량펌프,8468101781,8468101781,(주)나인티에스,N,Y
301,4010160101,송풍기,3050743164,3050743164,컴텍시스템,N,N
302,4010160101,송풍기,2048197877,2048197877,주식회사 그린주의,N,N
303,4010160101,송풍기,8278602014,8278602014,주식회사 혼정보통신,N,N
304,4010160101,송풍기,1228646713,1228646713,주식회사 새론아이,N,N
305,4010160101,송풍기,7620400047,7620400047,에스지에스,N,N
306,4010160101,송풍기,2117400300,2117400300,에닐트 (HENNILT),N,N
307,4010160101,송풍기,7394000782,7394000782,더원컴퍼니,N,N
308,4010160101,송풍기,7278602368,7278602368,주식회사 숨,N,N
309,4010160101,송풍기,4858601669,4858601669,주식회사 모아텍,N,N
310,4010160101,송풍기,1308685487,1308685487,바이오퍼스글로벌 주식회사,N,N
311,4010160101,송풍기,5295500699,5295500699,비에스에스,N,N
312,4010160101,송풍기,6978702327,6978702327,주식회사 크리스탈소프트,N,N
313,4010160101,송풍기,6122552599,6122552599,안가,N,N
314,4010160101,송풍기,1428800715,1428800715,주식회사 유진랩,N,N
315,4010160101,송풍기,2078802795,2078802795,주식회사 클라우드소프트,N,N
316,4010160101,송풍기,7810302068,7810302068,에이스건설산업,N,N
317,4010160101,송풍기,7481801052,7481801052,제스트,N,N
318,4010160101,송풍기,3328802499,3328802499,주식회사 루트텍,N,N
319,4010160101,송풍기,6870700558,6870700558,에스엠제이,N,N
320,4010160101,송풍기,1288686770,1288686770,주식회사 메디시온,N,N
321,4010160101,송풍기,7958701414,7958701414,주식회사 씨티원 충남,N,N
322,4010160101,송풍기,6671900936,6671900936,제이디아이(JDI),N,N
323,4010160101,송풍기,3091861646,3091861646,모아상사,N,N
324,4010160101,송풍기,7254000347,7254000347,마린아트,N,N
325,4010160101,송풍기,5118127226,5118127226,주식회사 마크온탑,N,N
326,4010160101,송풍기,8878102928,8878102928,주식회사 제이디폼,N,N
327,4010160101,송풍기,2166700331,2166700331,디오세이프티(DO SAFETY),N,N
328,4010160101,송풍기,2273001106,2273001106,서이트레이드,N,N
329,4010160101,송풍기,5323701365,5323701365,케이엘컴퍼니,N,N
330,4010160101,송풍기,2068693703,2068693703,(주)원포인트 듀오,N,N
331,4010160101,송풍기,4721301373,4721301373,어진컴퍼니,N,N
332,4010160101,송풍기,1218641961,1218641961,주식회사 이안코리아,N,N
333,4010160101,송풍기,2803701009,2803701009,오성,N,N
334,4010160101,송풍기,3020561946,3020561946,다옴,N,N
335,4010160101,송풍기,1408161167,1408161167,(주)협성산업,N,N
336,4010160101,송풍기,4088166210,4088166210,주식회사 엔디,N,N
337,4010160101,송풍기,3532200610,3532200610,자한티씨,N,N
338,4010160101,송풍기,2292401057,2292401057,클로버,N,N
339,4010160101,송풍기,3061864998,3061864998,에스코,N,N
340,4010160101,송풍기,8891000019,8891000019,동행상사,N,N
341,4010160101,송풍기,2011525821,2011525821,주앤주,N,N
342,4010160101,송풍기,1218186809,1218186809,(주)씨티원서비스,N,N
343,4010160101,송풍기,5568101156,5568101156,주식회사 우리에이치알컴퍼니,N,N
344,4010160101,송풍기,7807000278,7807000278,번개상사,N,N
345,4010160101,송풍기,5073600534,5073600534,엔젤테크,N,N
346,4010160101,송풍기,6502401417,6502401417,선유통,N,N
347,4010160101,송풍기,3682700131,3682700131,경은상회,N,N
348,4010160101,송풍기,1430175713,1430175713,에스와이컴퍼니,N,N
349,4010160101,송풍기,3271901186,3271901186,엠에이치테크,N,N
350,4010160101,송풍기,7342601117,7342601117,에벤에셀,N,N
351,4111250101,유량계,1228646713,1228646713,주식회사 새론아이,N,N
352,4111250101,유량계,1160724873,1160724873,나산상사,N,N
353,4111250101,유량계,2108159349,2108159349,주식회사 피디원 (PDONE),N,N
354,4111250101,유량계,5295500699,5295500699,비에스에스,N,N
355,4111250101,유량계,2521201281,2521201281,에이디 커머스,N,N
356,4111250101,유량계,3328802499,3328802499,주식회사 루트텍,N,N
357,4111250101,유량계,4193201276,4193201276,태화기업,N,N
358,4111250101,유량계,3091861646,3091861646,모아상사,N,N
359,4111250101,유량계,5118127226,5118127226,주식회사 마크온탑,N,N
360,4111250101,유량계,1312045032,1312045032,툴데포,N,N
361,4111250101,유량계,4721301373,4721301373,어진컴퍼니,N,N
362,4111250101,유량계,4551701809,4551701809,니즈스토리,N,N
363,4111250101,유량계,8612101471,8612101471,테라물라,N,N
364,4111250101,유량계,2138639269,2138639269,주식회사 하이드로넷,N,Y
365,4111250101,유량계,3294700944,3294700944,우주유통,N,N
366,4111250101,유량계,3883001492,3883001492,유엔글로벌,N,N
367,4111250101,유량계,6502401417,6502401417,선유통,N,N
368,4111250101,유량계,1690402168,1690402168,세렌디피티,N,N
369,4111250101,유량계,6418702417,6418702417,주식회사 원스타,N,N
370,4111250101,유량계,2872501915,2872501915,유누 컴퍼니,N,N
371,4111250101,유량계,2791401150,2791401150,가우정인,N,N
372,4111250101,유량계,8350601275,8350601275,옥이커피,N,N
373,4111250101,유량계,5250802328,5250802328,일호컴퍼니,N,N
374,4111250101,유량계,2158662413,2158662413,(주)동건,N,N
375,4111250101,유량계,2638802174,2638802174,제이컴주식회사,N,N
376,4111250101,유량계,1868702400,1868702400,주식회사 그린아이앤티,N,N
377,4111250101,유량계,6044071787,6044071787,에이치엠,N,N
378,4111250101,유량계,6868702439,6868702439,주식회사 인팩솔루션,N,N
379,4111250101,유량계,2060684804,2060684804,인텍시스템,N,N
380,4111250101,유량계,8466000619,8466000619,정욱,N,N
381,4111250101,유량계,7038601174,7038601174,주식회사 제이디글로벌,N,N
382,4111250101,유량계,2198800975,2198800975,주식회사 동빈글로벌,N,N
383,4111250101,유량계,7022701500,7022701500,골드굿즈,N,N
384,4111250101,유량계,1248137874,1248137874,한양이엔지 주식회사,N,N
385,4111250101,유량계,1084674027,1084674027,한컴퍼니,N,N
386,4111250101,유량계,6088188906,6088188906,주식회사 모네스틸,N,N
387,4111250101,유량계,8143300824,8143300824,현진테크,N,N
388,4111250101,유량계,1022395874,1022395874,월드코리아,N,N
389,4111250101,유량계,7398102236,7398102236,주식회사 정운씨앤씨,N,N
390,4111250101,유량계,3854700702,3854700702,에스디씨,N,N
391,4111250101,유량계,7658101712,7658101712,주식회사 다은컴퍼니,N,N
392,4111250101,유량계,6140801143,6140801143,명지산업,N,N
393,4111250101,유량계,4614300522,4614300522,다이아나,N,N
394,4111250101,유량계,4556600429,4556600429,승주상사,N,N
395,4111250101,유량계,5180600482,5180600482,리얼야구존평거점,N,N
396,4111250101,유량계,4154400910,4154400910,히또컴퍼니,N,N
397,4111250101,유량계,1308665007,1308665007,주식회사아이디에프,N,N
398,4111250101,유량계,4038183460,4038183460,주식회사 진성하이텍,N,N
399,4111250101,유량계,5218102275,5218102275,주식회사 유진기업,N,N
400,4111250101,유량계,7201301326,7201301326,차가운 탁구공,N,N
401,4015151301,수중펌프,2998200019,2998200019,(사)한빛장애인협회 기전사업단,N,Y
402,4015151301,수중펌프,5118127226,5118127226,주식회사 마크온탑,N,N
403,4015151301,수중펌프,4018140669,4018140669,(유)신성시엔시,N,N
404,4015151301,수중펌프,1608803078,1608803078,유명이엔지주식회사,N,Y
405,4015151301,수중펌프,8612101471,8612101471,테라물라,N,N
406,4015151301,수중펌프,2608603243,2608603243,주식회사 와이에스제이,N,N
407,4015151301,수중펌프,6938600164,6938600164,주식회사 마한건설조명,N,N
408,4015151301,수중펌프,5688200569,5688200569,사단법인 벗나래복지회사업단,N,Y
409,4015151301,수중펌프,6502401417,6502401417,선유통,N,N
410,4015151301,수중펌프,7782600684,7782600684,한마음,N,N
411,4015151301,수중펌프,6586100718,6586100718,대연상사,N,N
412,4015151301,수중펌프,4098145197,4098145197,브이원건설 주식회사,N,N
413,4015151301,수중펌프,5108119062,5108119062,브이건설 주식회사,N,N
414,4015151301,수중펌프,6561802048,6561802048,에스알퍼포먼스,N,N
415,4015151301,수중펌프,6870801457,6870801457,굿디자인,N,N
416,4015151301,수중펌프,4098192439,4098192439,에이원산업 주식회사,N,N
417,4015151301,수중펌프,4108197415,4108197415,지브이산업 주식회사,N,N
418,4015151301,수중펌프,5218102275,5218102275,주식회사 유진기업,N,N
419,4015151301,수중펌프,2988102360,2988102360,주식회사 아이수(i-su Inc.),Y,Y
420,4015151301,수중펌프,2338601340,2338601340,창조토건주식회사,N,N
421,4015151301,수중펌프,7180103124,7180103124,제이와이시스템,N,N
422,4015151301,수중펌프,3978200633,3978200633,(사)한빛장애인협회 환경사업단,N,Y
423,4015151301,수중펌프,1131581453,1131581453,동양펌프,N,Y
424,4015151301,수중펌프,7648602386,7648602386,유한회사 정석,N,N
425,4015151301,수중펌프,7850902363,7850902363,레몬,N,N
426,4015151301,수중펌프,1138197829,1138197829,주식회사 드림이앤에프,N,N
427,4015151301,수중펌프,4874600729,4874600729,신형,N,N
428,4015151301,수중펌프,2362501649,2362501649,영재유통,N,N
429,4015151301,수중펌프,2318802328,2318802328,주식회사 제이앤에스,N,N
430,4015151301,수중펌프,2248124586,2248124586,합자회사 영진이엔지,N,N
431,4015151301,수중펌프,6413200836,6413200836,양현,N,N
432,4015151301,수중펌프,3883501352,3883501352,루아프라임,N,N
433,4015151301,수중펌프,5038118634,5038118634,광진기공(주),N,N
434,4015151301,수중펌프,1258130442,1258130442,성남건설산업주식회사,N,N
435,4015151301,수중펌프,4188152426,4188152426,하이스트 주식회사,N,Y
436,4015151301,수중펌프,2201169007,2201169007,대경시스템,N,N
437,4015151301,수중펌프,4938702254,4938702254,(주)오니,N,N
438,4015151301,수중펌프,6514700797,6514700797,다산의료기,N,N
439,4015151301,수중펌프,2130233834,2130233834,한가람커뮤니케이션즈,N,N
440,4015151301,수중펌프,8468101781,8468101781,(주)나인티에스,N,Y
441,4015151301,수중펌프,1928101651,1928101651,주식회사 진흥,N,N
442,4015151301,수중펌프,3018137471,3018137471,(주)태성,N,N
443,4015151301,수중펌프,7218702921,7218702921,주식회사 이현코리아,N,N
444,4015151301,수중펌프,3118702821,3118702821,유한회사 은광,N,N
445,4015151301,수중펌프,3018607477,3018607477,아라온정보통신 주식회사,N,N
446,4015151301,수중펌프,5172501460,5172501460,기쁜몰,N,N
447,4015151301,수중펌프,8951202544,8951202544,에스이스페이스,N,N
448,4015151301,수중펌프,6632301982,6632301982,더보스,N,N
449,4015151301,수중펌프,4011891219,4011891219,반도,N,N
450,4015151301,수중펌프,1022268268,1022268268,원플랫폼,N,N
451,4014169401,제수밸브,8278602014,8278602014,주식회사 혼정보통신,N,N
452,4014169401,제수밸브,7278602368,7278602368,주식회사 숨,N,N
453,4014169401,제수밸브,6978702327,6978702327,주식회사 크리스탈소프트,N,N
454,4014169401,제수밸브,2078802795,2078802795,주식회사 클라우드소프트,N,N
455,4014169401,제수밸브,3328802499,3328802499,주식회사 루트텍,N,N
456,4014169401,제수밸브,8022301103,8022301103,엔에이치물산,N,N
457,4014169401,제수밸브,1222645933,1222645933,디자인 청호,N,N
458,4014169401,제수밸브,4552701341,4552701341,선양인터,N,N
459,4014169401,제수밸브,3294700944,3294700944,우주유통,N,N
460,4014169401,제수밸브,2608603243,2608603243,주식회사 와이에스제이,N,N
461,4014169401,제수밸브,6068623843,6068623843,주식회사 태원엠티,N,N
462,4014169401,제수밸브,6502401417,6502401417,선유통,N,N
463,4014169401,제수밸브,2791401150,2791401150,가우정인,N,N
464,4014169401,제수밸브,6132721977,6132721977,나이스컴퍼니,N,N
465,4014169401,제수밸브,8800301895,8800301895,베어영컴퍼니,N,N
466,4014169401,제수밸브,4410801337,4410801337,엔플,N,N
467,4014169401,제수밸브,4031435175,4031435175,세화,N,N
468,4014169401,제수밸브,3303500956,3303500956,제이유컴퍼니,N,N
469,4014169401,제수밸브,8466000619,8466000619,정욱,N,N
470,4014169401,제수밸브,2876200380,2876200380,고호상사,N,N
471,4014169401,제수밸브,5494300900,5494300900,심이유통,N,N
472,4014169401,제수밸브,7022701500,7022701500,골드굿즈,N,N
473,4014169401,제수밸브,1084674027,1084674027,한컴퍼니,N,N
474,4014169401,제수밸브,6850301723,6850301723,대호컴퍼니,N,N
475,4014169401,제수밸브,2111395806,2111395806,에그코리아,N,N
476,4014169401,제수밸브,3081801330,3081801330,봄상사,N,N
477,4014169401,제수밸브,5500201944,5500201944,엔와이씨(NYC),N,N
478,4014169401,제수밸브,4991402199,4991402199,제이에이치물산,N,N
479,4014169401,제수밸브,2963400907,2963400907,재이컴퍼니,N,N
480,4014169401,제수밸브,7761201564,7761201564,솜이네,N,N
481,4014169401,제수밸브,7035400363,7035400363,그린유통,N,N
482,4014169401,제수밸브,3201402122,3201402122,나도상사,N,N
483,4014169401,제수밸브,4154400910,4154400910,히또컴퍼니,N,N
484,4014169401,제수밸브,7245500542,7245500542,씨지테크,N,N
485,4014169401,제수밸브,2338601340,2338601340,창조토건주식회사,N,N
486,4014169401,제수밸브,7180103124,7180103124,제이와이시스템,N,N
487,4014169401,제수밸브,6803001364,6803001364,아프로플러스,N,N
488,4014169401,제수밸브,4530901680,4530901680,케이시라,N,N
489,4014169401,제수밸브,4801701799,4801701799,와이에스컴퍼니,N,N
490,4014169401,제수밸브,3973600790,3973600790,레버너스,N,N
491,4014169401,제수밸브,6276300509,6276300509,이루리,N,N
492,4014169401,제수밸브,6945900481,6945900481,비앤와이컴퍼니,N,N
493,4014169401,제수밸브,6083693694,6083693694,재동상사,N,N
494,4014169401,제수밸브,8472101169,8472101169,대일컴퍼니,N,N
495,4014169401,제수밸브,2292003061,2292003061,엘라시스템,N,N
496,4014169401,제수밸브,7850902363,7850902363,레몬,N,N
497,4014169401,제수밸브,5081296304,5081296304,달란트(talent)상사,N,N
498,4014169401,제수밸브,2362501649,2362501649,영재유통,N,N
499,4014169401,제수밸브,4164200700,4164200700,건영,N,N
500,4014169401,제수밸브,3253301264,3253301264,미정유통,N,N
