candidate_id,물품번호,물품명,사업자번호,사업자번호_정규화,업체명,대표물품,제조업체,낙찰건수,최근낙찰건수,최근낙찰일,평균낙찰금액,낙찰금액합계,부정당제재,제재횟수,현재제재여부,제재종료일,매칭방식,비고
1,4710160801,유기응집제,6598802147,6598802147,주식회사 헤이치 인 헤이치(H in H),N,N,99,26,2025-12-31,149386164,14789230222.0,,,,,원천_사업자번호집계,
2,4710160801,유기응집제,2048197877,2048197877,주식회사 그린주의,N,N,78,32,2025-12-29,101501539,7917120028.45,,,,,원천_사업자번호집계,
3,4710160801,유기응집제,6768601611,6768601611,주식회사 루트웰,N,N,54,10,2025-12-30,80904342,4368834480.0,,,,,원천_사업자번호집계,
4,4710160801,유기응집제,1160724873,1160724873,나산상사,N,N,54,10,2025-12-26,64190702,3466297885.36,,,,,원천_사업자번호집계,
5,4710160801,유기응집제,1728603252,1728603252,주식회사 리즈너스,N,N,50,32,2025-12-23,57987778,2899388894.0,,,,,원천_사업자번호집계,
6,4710160801,유기응집제,1861501398,1861501398,제이에이치테크,N,N,48,12,2025-12-22,60151747,2887283840.0,,,,,원천_사업자번호집계,
7,4710160801,유기응집제,4858601669,4858601669,주식회사 모아텍,N,N,47,8,2025-12-11,118021616,5547015951.0,,,,,원천_사업자번호집계,
8,4710160801,유기응집제,1308685487,1308685487,바이오퍼스글로벌 주식회사,N,N,46,5,2025-07-07,86112151,3961158937.0,,,,,원천_사업자번호집계,
9,4710160801,유기응집제,1178186004,1178186004,주식회사 와풀,N,N,44,16,2025-09-02,212826072,9364347152.0,,,,,원천_사업자번호집계,
10,4710160801,유기응집제,5031999741,5031999741,대진통상,N,N,41,8,2025-11-27,34320722,1407149590.0,,,,,원천_사업자번호집계,
11,4710160801,유기응집제,5061739883,5061739883,연천종합물산,N,N,40,5,2025-12-10,62721173,2508846920.0,,,,,원천_사업자번호집계,
12,4710160801,유기응집제,2521201281,2521201281,에이디 커머스,N,N,37,9,2025-11-24,35807812,1324889059.0,,,,,원천_사업자번호집계,
13,4710160801,유기응집제,4645800414,4645800414,푸드라인,N,N,37,5,2025-03-25,23764461,879285056.0,,,,,원천_사업자번호집계,
14,4710160801,유기응집제,2824900315,2824900315,서울우유 신안동 고객센터,N,N,37,10,2025-12-23,20893333,773053308.82,,,,,원천_사업자번호집계,
15,4710160801,유기응집제,1488701170,1488701170,주식회사 세진에코텍,N,N,36,12,2025-12-30,164118556,5908268000.0,,,,,원천_사업자번호집계,
16,4710160801,유기응집제,7600201935,7600201935,남양우유신안동가정대리점,N,N,36,11,2025-12-24,15875546,571519650.33,,,,,원천_사업자번호집계,
17,4710160801,유기응집제,4335900794,4335900794,국가대표 선,N,N,34,20,2025-12-05,39689889,1349456230.0,,,,,원천_사업자번호집계,
18,4710160801,유기응집제,8918101078,8918101078,알파유통 주식회사,N,N,33,4,2025-09-23,38581371,1273185234.8,,,,,원천_사업자번호집계,
19,4710160801,유기응집제,7958701414,7958701414,주식회사 씨티원 충남,N,N,32,10,2025-12-31,66340780,2122904955.42,,,,,원천_사업자번호집계,
20,4710160801,유기응집제,4578801111,4578801111,주식회사 가경이앤씨,N,N,31,6,2025-12-24,224792452,6968566026.0,,,,,원천_사업자번호집계,
21,4710160801,유기응집제,1138136157,1138136157,금성이엔씨(주),N,N,31,16,2025-12-30,121369536,3762455629.79,,,,,원천_사업자번호집계,
22,4710160801,유기응집제,4098162406,4098162406,대성이엔이 주식회사,N,N,30,6,2025-12-15,316685137,9500554114.0,,,,,원천_사업자번호집계,
23,4710160801,유기응집제,3018193115,3018193115,(주)현일,N,N,30,6,2025-10-20,121277646,3638329390.0,,,,,원천_사업자번호집계,
24,4710160801,유기응집제,1942600358,1942600358,유신약품,N,N,30,14,2025-12-09,21038753,631162596.0,,,,,원천_사업자번호집계,
25,4710160801,유기응집제,4193201276,4193201276,태화기업,N,N,29,7,2025-12-30,136581825,3960872918.0,,,,,원천_사업자번호집계,
26,4710160801,유기응집제,3091861646,3091861646,모아상사,N,N,29,9,2025-12-11,101900848,2955124581.0,,,,,원천_사업자번호집계,
27,4710160801,유기응집제,3791601089,3791601089,수미테크,N,N,29,5,2025-11-05,52299541,1516686684.0,,,,,원천_사업자번호집계,
28,4710160801,유기응집제,7800601918,7800601918,서울우유안동급식고객센터,N,N,29,7,2025-12-23,12195430,353667473.47,,,,,원천_사업자번호집계,
29,4710160801,유기응집제,3141879298,3141879298,주성테크,N,N,27,12,2025-12-17,150835501,4072558520.0,,,,,원천_사업자번호집계,
30,4710160801,유기응집제,5118127226,5118127226,주식회사 마크온탑,N,N,27,7,2025-11-11,101554183,2741962939.6,,,,,원천_사업자번호집계,
31,4710160801,유기응집제,1312045032,1312045032,툴데포,N,N,27,6,2025-12-12,74542994,2012660840.0,,,,,원천_사업자번호집계,
32,4710160801,유기응집제,4108632912,4108632912,유한회사 창해,N,N,27,4,2025-08-27,54284606,1465684372.94,,,,,원천_사업자번호집계,
33,4710160801,유기응집제,5855300211,5855300211,자연가,N,N,27,4,2025-06-25,14522136,392097684.23,,,,,원천_사업자번호집계,
34,4710160801,유기응집제,1698101874,1698101874,(유)아성개발,N,N,26,6,2025-12-31,59107380,1536791890.0,,,,,원천_사업자번호집계,
35,4710160801,유기응집제,3968701707,3968701707,주식회사 명신테크,N,N,25,8,2025-12-17,208816132,5220403300.0,,,,,원천_사업자번호집계,
36,4710160801,유기응집제,7820901711,7820901711,모아테크,N,N,25,7,2025-10-27,140564705,3514117621.0,,,,,원천_사업자번호집계,
37,4710160801,유기응집제,7498801586,7498801586,(주)에이치비바이오,N,N,25,1,2025-04-21,130532443,3263311066.0,,,,,원천_사업자번호집계,
38,4710160801,유기응집제,2273001106,2273001106,서이트레이드,N,N,25,14,2025-12-16,118393728,2959843210.0,,,,,원천_사업자번호집계,
39,4710160801,유기응집제,5323701365,5323701365,케이엘컴퍼니,N,N,25,5,2025-12-15,62582238,1564555950.0,,,,,원천_사업자번호집계,
40,4710160801,유기응집제,1074471440,1074471440,선경에스엔티,N,N,25,5,2025-10-30,45028510,1125712758.0,,,,,원천_사업자번호집계,
41,4710160801,유기응집제,4038183209,4038183209,탑아이티 주식회사,N,N,24,8,2025-09-24,131438538,3154524920.0,,,,,원천_사업자번호집계,
42,4710160801,유기응집제,8062001161,8062001161,거성산업,N,N,23,2,2025-12-05,42605431,979924902.0,,,,,원천_사업자번호집계,
43,4710160801,유기응집제,7390302693,7390302693,대한시스텍,N,N,23,6,2025-09-23,40656528,935100143.0,,,,,원천_사업자번호집계,
44,4710160801,유기응집제,5088138412,5088138412,"농업회사법인디엔에이주식회사(D.N.A. Co., Ltd)",N,N,23,3,2025-10-22,22175533,510037258.0,,,,,원천_사업자번호집계,
45,4710160801,유기응집제,1222645933,1222645933,디자인 청호,N,N,22,4,2025-10-10,184999255,4069983618.0,,,,,원천_사업자번호집계,
46,4710160801,유기응집제,1790200940,1790200940,필 글로벌(PHIL GLOBAL),N,N,22,2,2025-06-19,61284525,1348259539.64,,,,,원천_사업자번호집계,
47,4710160801,유기응집제,4344300627,4344300627,대산이엔지,N,N,22,4,2025-04-23,47774770,1051044930.0,,,,,원천_사업자번호집계,
48,4710160801,유기응집제,2838102688,2838102688,주식회사 비젼바이오,N,Y,22,11,2025-12-17,26144224,575172930.0,,,,,원천_사업자번호집계,
49,4710160801,유기응집제,5331002128,5331002128,시지에이치,N,N,22,2,2025-05-02,24984314,549654903.0,,,,,원천_사업자번호집계,
50,4710160801,유기응집제,1138163993,1138163993,한성중공업(주),N,N,21,3,2025-04-17,224177400,4707725406.0,,,,,원천_사업자번호집계,
51,4111331901,기타수질분석기,1148604783,1148604783,써모피셔사이언티픽솔루션스 유한회사,N,N,68,32,2025-11-05,381414965,25936217650.0,,,,,원천_사업자번호집계,
52,4111331901,기타수질분석기,6218701961,6218701961,주식회사이지랩,N,N,59,11,2025-11-24,53716769,3169289400.0,,,,,원천_사업자번호집계,
53,4111331901,기타수질분석기,2108159349,2108159349,주식회사 피디원 (PDONE),N,N,53,11,2025-10-27,259612769,13759476741.0,,,,,원천_사업자번호집계,
54,4111331901,기타수질분석기,1728603252,1728603252,주식회사 리즈너스,N,N,50,32,2025-12-23,57987778,2899388894.0,,,,,원천_사업자번호집계,
55,4111331901,기타수질분석기,1308123448,1308123448,호리바코리아(주),N,N,47,9,2025-12-23,1226219264,57632305396.0,,,,,원천_사업자번호집계,
56,4111331901,기타수질분석기,2068627654,2068627654,주식회사 원캐스트,N,N,46,9,2025-11-12,367189081,16890697742.0,,,,,원천_사업자번호집계,
57,4111331901,기타수질분석기,5938702267,5938702267,주식회사 이솔사이언스,N,N,45,13,2025-10-27,106232444,4780460000.0,,,,,원천_사업자번호집계,
58,4111331901,기타수질분석기,2078802795,2078802795,주식회사 클라우드소프트,N,N,41,7,2025-11-04,49425027,2026426099.0,,,,,원천_사업자번호집계,
59,4111331901,기타수질분석기,1348121423,1348121423,주식회사 서전기전,N,N,37,13,2025-12-08,1986572105,73503167874.0,,,,,원천_사업자번호집계,
60,4111331901,기타수질분석기,8235600263,8235600263,제이퍼블리코,N,N,37,9,2025-10-31,55047757,2036766995.0,,,,,원천_사업자번호집계,
61,4111331901,기타수질분석기,2824900315,2824900315,서울우유 신안동 고객센터,N,N,37,10,2025-12-23,20893333,773053308.82,,,,,원천_사업자번호집계,
62,4111331901,기타수질분석기,7600201935,7600201935,남양우유신안동가정대리점,N,N,36,11,2025-12-24,15875546,571519650.33,,,,,원천_사업자번호집계,
63,4111331901,기타수질분석기,2852501641,2852501641,유니플러스,N,N,35,13,2025-11-27,49579836,1735294250.0,,,,,원천_사업자번호집계,
64,4111331901,기타수질분석기,3328802499,3328802499,주식회사 루트텍,N,N,35,2,2025-05-30,46886168,1641015863.0,,,,,원천_사업자번호집계,
65,4111331901,기타수질분석기,6168157632,6168157632,주식회사 대은계전,N,Y,30,11,2025-12-09,372354867,11170646000.0,,,,,원천_사업자번호집계,
66,4111331901,기타수질분석기,2568802462,2568802462,주식회사 연승,N,N,29,,2024-02-02,163722359,4747948400.0,,,,,원천_사업자번호집계,
67,4111331901,기타수질분석기,2051667999,2051667999,만선테크,N,N,29,7,2025-06-17,76244100,2211078900.0,,,,,원천_사업자번호집계,
68,4111331901,기타수질분석기,5151604381,5151604381,연택테크,N,N,29,10,2025-11-06,52322132,1517341830.0,,,,,원천_사업자번호집계,
69,4111331901,기타수질분석기,3658800905,3658800905,주식회사 가나이엔지,N,N,28,8,2025-12-26,204946516,5738502462.0,,,,,원천_사업자번호집계,
70,4111331901,기타수질분석기,5118127226,5118127226,주식회사 마크온탑,N,N,27,7,2025-11-11,101554183,2741962939.6,,,,,원천_사업자번호집계,
71,4111331901,기타수질분석기,6200244688,6200244688,피앤에스,N,N,27,7,2025-12-16,57859277,1562200488.0,,,,,원천_사업자번호집계,
72,4111331901,기타수질분석기,2188101953,2188101953,주식회사 비츠로시스,N,N,26,8,2025-12-18,407964168,10607068380.0,,,,,원천_사업자번호집계,
73,4111331901,기타수질분석기,6348600656,6348600656,주식회사비전제어시스템,N,N,26,6,2025-12-24,147352229,3831157960.0,,,,,원천_사업자번호집계,
74,4111331901,기타수질분석기,5828101679,5828101679,주식회사 비에이치,Y,N,25,6,2025-11-19,246358080,6158952000.0,,,,,원천_사업자번호집계,
75,4111331901,기타수질분석기,4181202459,4181202459,아이들문구,N,N,25,5,2025-07-29,49613056,1240326395.0,,,,,원천_사업자번호집계,
76,4111331901,기타수질분석기,4038183209,4038183209,탑아이티 주식회사,N,N,24,8,2025-09-24,131438538,3154524920.0,,,,,원천_사업자번호집계,
77,4111331901,기타수질분석기,2150235895,2150235895,모두사랑,N,N,24,4,2025-08-11,44085085,1058042036.0,,,,,원천_사업자번호집계,
78,4111331901,기타수질분석기,1238154375,1238154375,주식회사 씨케이테크피아,N,Y,22,10,2025-12-17,255399205,5618782510.0,,,,,원천_사업자번호집계,
79,4111331901,기타수질분석기,6918600192,6918600192,주식회사 엘티에스바이오,N,N,22,4,2025-12-05,71726749,1577988473.0,,,,,원천_사업자번호집계,
80,4111331901,기타수질분석기,1322366711,1322366711,드림팩토리,N,N,22,6,2025-12-23,62861016,1382942351.56,,,,,원천_사업자번호집계,
81,4111331901,기타수질분석기,8218801326,8218801326,주식회사 가은메탈,N,N,21,3,2025-12-08,252144423,5295032890.0,,,,,원천_사업자번호집계,
82,4111331901,기타수질분석기,4721301373,4721301373,어진컴퍼니,N,N,21,,2024-11-29,116237986,2440997700.0,,,,,원천_사업자번호집계,
83,4111331901,기타수질분석기,5102410281,5102410281,세진싸이언스,N,N,21,3,2025-10-24,75142895,1578000790.0,,,,,원천_사업자번호집계,
84,4111331901,기타수질분석기,2903101270,2903101270,다인에스티,N,N,21,9,2025-11-03,63779850,1339376860.0,,,,,원천_사업자번호집계,
85,4111331901,기타수질분석기,8612101471,8612101471,테라물라,N,N,19,6,2025-12-25,106418000,2021942000.0,,,,,원천_사업자번호집계,
86,4111331901,기타수질분석기,6938600164,6938600164,주식회사 마한건설조명,N,N,18,2,2025-04-24,64056008,1153008139.0,,,,,원천_사업자번호집계,
87,4111331901,기타수질분석기,6091669087,6091669087,대광산업,N,N,18,5,2025-09-02,56932447,1024784047.0,,,,,원천_사업자번호집계,
88,4111331901,기타수질분석기,8891000019,8891000019,동행상사,N,N,18,4,2025-11-14,35246885,634443925.0,,,,,원천_사업자번호집계,
89,4111331901,기타수질분석기,4040197932,4040197932,삼미상사,N,N,18,4,2025-11-13,34240552,616329941.0,,,,,원천_사업자번호집계,
90,4111331901,기타수질분석기,4098116407,4098116407,주식회사탑원산업,N,N,17,5,2025-09-03,221300924,3762115711.0,,,,,원천_사업자번호집계,
91,4111331901,기타수질분석기,2938701844,2938701844,주식회사 성은공조,N,N,17,2,2025-12-11,156835625,2666205630.0,,,,,원천_사업자번호집계,
92,4111331901,기타수질분석기,1378604597,1378604597,주식회사 선진일렉텍,N,N,17,5,2025-11-20,156385504,2658553570.0,,,,,원천_사업자번호집계,
93,4111331901,기타수질분석기,1458102877,1458102877,주식회사 오성테크,N,N,17,5,2025-07-30,87057216,1479972680.0,,,,,원천_사업자번호집계,
94,4111331901,기타수질분석기,6502401417,6502401417,선유통,N,N,17,4,2025-08-05,60341174,1025799960.0,,,,,원천_사업자번호집계,
95,4111331901,기타수질분석기,2081552260,2081552260,제주드림코리아,N,N,16,,2024-05-27,60563375,969013995.0,,,,,원천_사업자번호집계,
96,4111331901,기타수질분석기,2023505919,2023505919,연홍코퍼레이션,N,N,16,13,2025-11-10,55980722,895691546.39,,,,,원천_사업자번호집계,
97,4111331901,기타수질분석기,6108108303,6108108303,대성자원개발 주식회사,N,N,16,3,2025-12-31,1520091,24321460.45,,,,,원천_사업자번호집계,
98,4111331901,기타수질분석기,3052389947,3052389947,미래코리아비지니스,N,N,15,4,2025-07-15,47305921,709588820.0,,,,,원천_사업자번호집계,
99,4111331901,기타수질분석기,2363501430,2363501430,디피에스테크놀로지,N,N,14,13,2025-12-26,298520714,4179290000.0,,,,,원천_사업자번호집계,
100,4111331901,기타수질분석기,1308646112,1308646112,주식회사아이티베이스,N,N,14,1,2025-09-25,161779321,2264910500.0,,,,,원천_사업자번호집계,
101,4016150601,여과장치,8278602014,8278602014,주식회사 혼정보통신,N,N,69,10,2025-11-10,51185054,3531768743.0,,,,,원천_사업자번호집계,
102,4016150601,여과장치,5038134949,5038134949,(주)이코우,N,Y,60,17,2025-12-23,267782291,16066937455.0,,,,,원천_사업자번호집계,
103,4016150601,여과장치,7620400047,7620400047,에스지에스,N,N,57,8,2025-12-08,47472819,2705950690.79,,,,,원천_사업자번호집계,
104,4016150601,여과장치,7394000782,7394000782,더원컴퍼니,N,N,51,2,2025-06-23,65134470,3321857976.05,,,,,원천_사업자번호집계,
105,4016150601,여과장치,7278602368,7278602368,주식회사 숨,N,N,48,6,2025-12-03,54933448,2636805503.0,,,,,원천_사업자번호집계,
106,4016150601,여과장치,4858601669,4858601669,주식회사 모아텍,N,N,47,8,2025-12-11,118021616,5547015951.0,,,,,원천_사업자번호집계,
107,4016150601,여과장치,4555100293,4555100293,로드파크,N,N,44,5,2025-12-17,113593009,4998092400.0,,,,,원천_사업자번호집계,
108,4016150601,여과장치,2078802795,2078802795,주식회사 클라우드소프트,N,N,41,7,2025-11-04,49425027,2026426099.0,,,,,원천_사업자번호집계,
109,4016150601,여과장치,7810302068,7810302068,에이스건설산업,N,N,39,9,2025-11-20,57439411,2240137034.95,,,,,원천_사업자번호집계,
110,4016150601,여과장치,6870700558,6870700558,에스엠제이,N,N,35,5,2025-11-25,37583689,1315429118.0,,,,,원천_사업자번호집계,
111,4016150601,여과장치,7958701414,7958701414,주식회사 씨티원 충남,N,N,32,10,2025-12-31,66340780,2122904955.42,,,,,원천_사업자번호집계,
112,4016150601,여과장치,6671900936,6671900936,제이디아이(JDI),N,N,32,3,2025-10-13,27473075,879138387.0,,,,,원천_사업자번호집계,
113,4016150601,여과장치,4578801111,4578801111,주식회사 가경이앤씨,N,N,31,6,2025-12-24,224792452,6968566026.0,,,,,원천_사업자번호집계,
114,4016150601,여과장치,3058149402,3058149402,주식회사 아워스,N,N,31,4,2025-09-22,71837434,2226960452.0,,,,,원천_사업자번호집계,
115,4016150601,여과장치,4098162406,4098162406,대성이엔이 주식회사,N,Y,30,6,2025-12-15,316685137,9500554114.0,,,,,원천_사업자번호집계,
116,4016150601,여과장치,3091861646,3091861646,모아상사,N,N,29,9,2025-12-11,101900848,2955124581.0,,,,,원천_사업자번호집계,
117,4016150601,여과장치,8578100569,8578100569,(주)제이인터내셔날,N,N,28,3,2025-09-17,214370680,6002379050.0,,,,,원천_사업자번호집계,
118,4016150601,여과장치,7511001877,7511001877,비피엔,N,N,28,8,2025-10-01,65861978,1844135390.0,,,,,원천_사업자번호집계,
119,4016150601,여과장치,6068120439,6068120439,(주)네가트론,N,Y,26,5,2025-09-10,210121358,5463155296.0,,,,,원천_사업자번호집계,
120,4016150601,여과장치,6231501484,6231501484,다온상사,N,N,26,2,2025-06-09,116656691,3033073957.0,,,,,원천_사업자번호집계,
121,4016150601,여과장치,1138196062,1138196062,주식회사 케이에스엔텍,N,N,26,4,2025-10-21,84101429,2186637150.0,,,,,원천_사업자번호집계,
122,4016150601,여과장치,7820901711,7820901711,모아테크,N,N,25,7,2025-10-27,140564705,3514117621.0,,,,,원천_사업자번호집계,
123,4016150601,여과장치,2273001106,2273001106,서이트레이드,N,N,25,14,2025-12-16,118393728,2959843210.0,,,,,원천_사업자번호집계,
124,4016150601,여과장치,7390302693,7390302693,대한시스텍,N,N,23,6,2025-09-23,40656528,935100143.0,,,,,원천_사업자번호집계,
125,4016150601,여과장치,2702501178,2702501178,도담,N,N,22,1,2025-02-21,98600128,2169202807.0,,,,,원천_사업자번호집계,
126,4016150601,여과장치,1608803078,1608803078,유명이엔지주식회사,N,Y,21,12,2025-12-08,139764422,2935052860.0,,,,,원천_사업자번호집계,
127,4016150601,여과장치,4551701809,4551701809,니즈스토리,N,N,21,5,2025-11-18,51422968,1079882319.0,,,,,원천_사업자번호집계,
128,4016150601,여과장치,7117800297,7117800297,한나유통,N,N,21,6,2025-12-09,48870578,1026282132.99,,,,,원천_사업자번호집계,
129,4016150601,여과장치,3978101727,3978101727,디에스엔텍 주식회사,N,Y,20,3,2025-11-17,267741325,5354826506.0,,,,,원천_사업자번호집계,
130,4016150601,여과장치,4601501321,4601501321,토마토,N,N,20,3,2025-09-10,40610113,812202256.0,,,,,원천_사업자번호집계,
131,4016150601,여과장치,2803701009,2803701009,오성,N,N,19,2,2025-05-26,133731538,2540899223.0,,,,,원천_사업자번호집계,
132,4016150601,여과장치,8612101471,8612101471,테라물라,N,N,19,6,2025-12-25,106418000,2021942000.0,,,,,원천_사업자번호집계,
133,4016150601,여과장치,3294700944,3294700944,우주유통,N,N,19,5,2025-10-28,47305218,898799142.89,,,,,원천_사업자번호집계,
134,4016150601,여과장치,2168148122,2168148122,주식회사 르몽드인터내셔널,N,N,18,,2024-01-08,452322992,8141813860.0,,,,,원천_사업자번호집계,
135,4016150601,여과장치,1371217543,1371217543,청진유통,N,N,18,4,2025-10-30,70333531,1266003559.29,,,,,원천_사업자번호집계,
136,4016150601,여과장치,3061864998,3061864998,에스코,N,N,18,3,2025-10-28,66737472,1201274496.0,,,,,원천_사업자번호집계,
137,4016150601,여과장치,3883001492,3883001492,유엔글로벌,N,N,18,6,2025-12-27,59543989,1071791796.0,,,,,원천_사업자번호집계,
138,4016150601,여과장치,7608100625,7608100625,대신이엔텍 주식회사,N,Y,17,6,2025-11-18,265300281,4510104784.0,,,,,원천_사업자번호집계,
139,4016150601,여과장치,1218186809,1218186809,(주)씨티원서비스,N,N,17,,2024-12-31,127562997,2168570951.0,,,,,원천_사업자번호집계,
140,4016150601,여과장치,5568101156,5568101156,주식회사 우리에이치알컴퍼니,N,N,17,4,2025-11-24,121108283,2058840819.0,,,,,원천_사업자번호집계,
141,4016150601,여과장치,6990302508,6990302508,해리엔터프라이즈,N,N,17,5,2025-11-25,86930785,1477823349.0,,,,,원천_사업자번호집계,
142,4016150601,여과장치,5073600534,5073600534,엔젤테크,N,N,17,5,2025-11-13,79916535,1358581090.0,,,,,원천_사업자번호집계,
143,4016150601,여과장치,6502401417,6502401417,선유통,N,N,17,4,2025-08-05,60341174,1025799960.0,,,,,원천_사업자번호집계,
144,4016150601,여과장치,4210602677,4210602677,구름미디어,N,N,17,6,2025-10-15,54663022,929271366.0,,,,,원천_사업자번호집계,
145,4016150601,여과장치,3148612199,3148612199,주식회사 유노미아,N,N,16,4,2025-09-04,146172844,2338765499.0,,,,,원천_사업자번호집계,
146,4016150601,여과장치,5918100427,5918100427,주식회사 수연티앤씨,N,N,16,2,2025-08-12,120577481,1929239690.0,,,,,원천_사업자번호집계,
147,4016150601,여과장치,6706200447,6706200447,에스엔컴퍼니,N,N,16,7,2025-10-16,76166576,1218665210.0,,,,,원천_사업자번호집계,
148,4016150601,여과장치,2081552260,2081552260,제주드림코리아,N,N,16,,2024-05-27,60563375,969013995.0,,,,,원천_사업자번호집계,
149,4016150601,여과장치,7342101806,7342101806,나노시스,N,N,16,1,2025-09-17,57850709,925611340.0,,,,,원천_사업자번호집계,
150,4016150601,여과장치,2010989673,2010989673,사회문화＆세무정보사,N,N,16,2,2025-12-04,57183136,914930180.0,,,,,원천_사업자번호집계,
151,4710160802,무기응집제,6768601611,6768601611,주식회사 루트웰,N,N,54,10,2025-12-30,80904342,4368834480.0,,,,,원천_사업자번호집계,
152,4710160802,무기응집제,1160724873,1160724873,나산상사,N,N,54,10,2025-12-26,64190702,3466297885.36,,,,,원천_사업자번호집계,
153,4710160802,무기응집제,1728603252,1728603252,주식회사 리즈너스,N,N,50,32,2025-12-23,57987778,2899388894.0,,,,,원천_사업자번호집계,
154,4710160802,무기응집제,1178186004,1178186004,주식회사 와풀,N,N,44,16,2025-09-02,212826072,9364347152.0,,,,,원천_사업자번호집계,
155,4710160802,무기응집제,5031999741,5031999741,대진통상,N,N,41,8,2025-11-27,34320722,1407149590.0,,,,,원천_사업자번호집계,
156,4710160802,무기응집제,2521201281,2521201281,에이디 커머스,N,N,37,9,2025-11-24,35807812,1324889059.0,,,,,원천_사업자번호집계,
157,4710160802,무기응집제,1488701170,1488701170,주식회사 세진에코텍,N,N,36,12,2025-12-30,164118556,5908268000.0,,,,,원천_사업자번호집계,
158,4710160802,무기응집제,2852501641,2852501641,유니플러스,N,N,35,13,2025-11-27,49579836,1735294250.0,,,,,원천_사업자번호집계,
159,4710160802,무기응집제,1058649262,1058649262,주식회사 노하우전기통신,N,N,32,15,2025-12-12,163149402,5220780864.0,,,,,원천_사업자번호집계,
160,4710160802,무기응집제,2092569555,2092569555,탑에스씨,N,N,29,8,2025-12-15,122226845,3544578493.0,,,,,원천_사업자번호집계,
161,4710160802,무기응집제,3091861646,3091861646,모아상사,N,N,29,9,2025-12-11,101900848,2955124581.0,,,,,원천_사업자번호집계,
162,4710160802,무기응집제,5118127226,5118127226,주식회사 마크온탑,N,N,27,7,2025-11-11,101554183,2741962939.6,,,,,원천_사업자번호집계,
163,4710160802,무기응집제,8878102928,8878102928,주식회사 제이디폼,N,N,27,2,2025-07-23,83500934,2254525225.85,,,,,원천_사업자번호집계,
164,4710160802,무기응집제,4018140669,4018140669,(유)신성시엔시,N,N,26,7,2025-12-29,94499018,2456974470.0,,,,,원천_사업자번호집계,
165,4710160802,무기응집제,1138196062,1138196062,주식회사 케이에스엔텍,N,N,26,4,2025-10-21,84101429,2186637150.0,,,,,원천_사업자번호집계,
166,4710160802,무기응집제,7390302693,7390302693,대한시스텍,N,N,23,6,2025-09-23,40656528,935100143.0,,,,,원천_사업자번호집계,
167,4710160802,무기응집제,1790200940,1790200940,필 글로벌(PHIL GLOBAL),N,N,22,2,2025-06-19,61284525,1348259539.64,,,,,원천_사업자번호집계,
168,4710160802,무기응집제,2838102688,2838102688,주식회사 비젼바이오,N,Y,22,11,2025-12-17,26144224,575172930.0,,,,,원천_사업자번호집계,
169,4710160802,무기응집제,5331002128,5331002128,시지에이치,N,N,22,2,2025-05-02,24984314,549654903.0,,,,,원천_사업자번호집계,
170,4710160802,무기응집제,2903101270,2903101270,다인에스티,N,N,21,9,2025-11-03,63779850,1339376860.0,,,,,원천_사업자번호집계,
171,4710160802,무기응집제,4551701809,4551701809,니즈스토리,N,N,21,5,2025-11-18,51422968,1079882319.0,,,,,원천_사업자번호집계,
172,4710160802,무기응집제,4018700204,4018700204,(주)도원에코텍,N,N,20,5,2025-04-17,214778742,4295574843.51,,,,,원천_사업자번호집계,
173,4710160802,무기응집제,6938600164,6938600164,주식회사 마한건설조명,N,N,18,2,2025-04-24,64056008,1153008139.0,,,,,원천_사업자번호집계,
174,4710160802,무기응집제,3883001492,3883001492,유엔글로벌,N,N,18,6,2025-12-27,59543989,1071791796.0,,,,,원천_사업자번호집계,
175,4710160802,무기응집제,6832501020,6832501020,성희기업,N,N,18,,2024-08-28,42260997,760697939.0,,,,,원천_사업자번호집계,
176,4710160802,무기응집제,1170866553,1170866553,대지come,N,N,17,5,2025-12-16,226112973,3843920547.0,,,,,원천_사업자번호집계,
177,4710160802,무기응집제,6061799594,6061799594,태일공구종합상사,N,N,17,8,2025-11-05,63105228,1072788883.0,,,,,원천_사업자번호집계,
178,4710160802,무기응집제,6502401417,6502401417,선유통,N,N,17,4,2025-08-05,60341174,1025799960.0,,,,,원천_사업자번호집계,
179,4710160802,무기응집제,5038128637,5038128637,(주)로얄정공,N,N,16,7,2025-10-22,534540705,8552651274.0,,,,,원천_사업자번호집계,
180,4710160802,무기응집제,6706200447,6706200447,에스엔컴퍼니,N,N,16,7,2025-10-16,76166576,1218665210.0,,,,,원천_사업자번호집계,
181,4710160802,무기응집제,1798102185,1798102185,주식회사 디오르마,N,N,16,4,2025-10-10,58151875,930430000.0,,,,,원천_사업자번호집계,
182,4710160802,무기응집제,6062453261,6062453261,대광엘에스,N,N,16,6,2025-06-26,54160418,866566685.63,,,,,원천_사업자번호집계,
183,4710160802,무기응집제,4508801309,4508801309,주식회사 엄지,N,N,15,4,2025-09-10,136205683,2043085246.0,,,,,원천_사업자번호집계,
184,4710160802,무기응집제,2218702533,2218702533,주식회사 이화진,N,N,15,1,2025-11-04,43337295,650059427.0,,,,,원천_사업자번호집계,
185,4710160802,무기응집제,5250802328,5250802328,일호컴퍼니,N,N,14,,2024-04-15,127208812,1780923370.0,,,,,원천_사업자번호집계,
186,4710160802,무기응집제,2638802174,2638802174,제이컴주식회사,N,N,14,2,2025-11-26,59680551,835527710.0,,,,,원천_사업자번호집계,
187,4710160802,무기응집제,5762601388,5762601388,에스와이상사,N,N,14,2,2025-09-08,36006969,504097570.0,,,,,원천_사업자번호집계,
188,4710160802,무기응집제,4410801337,4410801337,엔플,N,N,13,6,2025-09-22,118253975,1537301671.0,,,,,원천_사업자번호집계,
189,4710160802,무기응집제,1868702400,1868702400,주식회사 그린아이앤티,N,N,13,2,2025-06-10,68391582,889090570.0,,,,,원천_사업자번호집계,
190,4710160802,무기응집제,2372201447,2372201447,제이에스씨 코퍼레이션,N,N,13,5,2025-12-30,50522266,656789460.0,,,,,원천_사업자번호집계,
191,4710160802,무기응집제,1058739873,1058739873,신풍종합개발 주식회사,N,N,13,3,2025-03-27,36823732,478708519.0,,,,,원천_사업자번호집계,
192,4710160802,무기응집제,7048802729,7048802729,에스클래스주식회사,N,N,12,,2024-12-31,60864214,730370570.0,,,,,원천_사업자번호집계,
193,4710160802,무기응집제,1081832612,1081832612,에이치아이엠,N,N,12,1,2025-02-18,43413200,520958400.0,,,,,원천_사업자번호집계,
194,4710160802,무기응집제,2840702041,2840702041,대원,N,N,12,3,2025-08-22,39232083,470785000.0,,,,,원천_사업자번호집계,
195,4710160802,무기응집제,1664901007,1664901007,비키,N,N,11,2,2025-05-26,176218626,1938404887.01,,,,,원천_사업자번호집계,
196,4710160802,무기응집제,2218116734,2218116734,(주)용두애브컴,Y,N,11,5,2025-11-21,137410952,1511520470.0,,,,,원천_사업자번호집계,
197,4710160802,무기응집제,6211381305,6211381305,대림로어패럴,N,N,11,6,2025-10-23,92964491,1022609405.77,,,,,원천_사업자번호집계,
198,4710160802,무기응집제,4131501117,4131501117,부농,N,N,11,4,2025-08-07,41686775,458554524.56,,,,,원천_사업자번호집계,
199,4710160802,무기응집제,1078738448,1078738448,(주) 정토산업,N,N,11,3,2025-12-10,10778455,118563000.0,,,,,원천_사업자번호집계,
200,4710160802,무기응집제,4448101663,4448101663,주식회사 지엔씨,N,N,10,,2024-03-27,174039681,1740396809.0,,,,,원천_사업자번호집계,
201,4710169801,수처리용여과재,4178105425,4178105425,우석이엔지 주식회사,N,N,125,22,2025-06-09,82237258,10279657240.0,,,,,원천_사업자번호집계,
202,4710169801,수처리용여과재,2201501330,2201501330,태정,N,N,66,17,2025-12-01,61770383,4076845258.62,,,,,원천_사업자번호집계,
203,4710169801,수처리용여과재,4188153158,4188153158,주식회사 신성씨엔에스,N,N,63,18,2025-12-16,54730869,3448044748.0,,,,,원천_사업자번호집계,
204,4710169801,수처리용여과재,1861501398,1861501398,제이에이치테크,N,N,48,12,2025-12-22,60151747,2887283840.0,,,,,원천_사업자번호집계,
205,4710169801,수처리용여과재,4038104830,4038104830,주식회사 대성안전개발,N,N,43,15,2025-12-17,52899485,2274677839.0,,,,,원천_사업자번호집계,
206,4710169801,수처리용여과재,6088601170,6088601170,케이원산업 주식회사,N,N,38,9,2025-12-30,20749726,788489572.26,,,,,원천_사업자번호집계,
207,4710169801,수처리용여과재,2521201281,2521201281,에이디 커머스,N,N,37,9,2025-11-24,35807812,1324889059.0,,,,,원천_사업자번호집계,
208,4710169801,수처리용여과재,2650101980,2650101980,경기모아상사,N,N,31,14,2025-12-16,121275156,3759529847.3,,,,,원천_사업자번호집계,
209,4710169801,수처리용여과재,1700702117,1700702117,에스앤디,N,N,30,5,2025-12-01,32241101,967233030.0,,,,,원천_사업자번호집계,
210,4710169801,수처리용여과재,2568802462,2568802462,주식회사 연승,N,N,29,,2024-02-02,163722359,4747948400.0,,,,,원천_사업자번호집계,
211,4710169801,수처리용여과재,6068659002,6068659002,(주)씨앤씨솔루션,N,N,28,5,2025-12-26,77263891,2163388938.0,,,,,원천_사업자번호집계,
212,4710169801,수처리용여과재,5118127226,5118127226,주식회사 마크온탑,N,N,27,7,2025-11-11,101554183,2741962939.6,,,,,원천_사업자번호집계,
213,4710169801,수처리용여과재,8878102928,8878102928,주식회사 제이디폼,N,N,27,2,2025-07-23,83500934,2254525225.85,,,,,원천_사업자번호집계,
214,4710169801,수처리용여과재,1698101874,1698101874,(유)아성개발,N,N,26,6,2025-12-31,59107380,1536791890.0,,,,,원천_사업자번호집계,
215,4710169801,수처리용여과재,6835400773,6835400773,삼우,N,N,26,8,2025-12-17,37785993,982435810.0,,,,,원천_사업자번호집계,
216,4710169801,수처리용여과재,7820901711,7820901711,모아테크,Y,N,25,7,2025-10-27,140564705,3514117621.0,,,,,원천_사업자번호집계,
217,4710169801,수처리용여과재,1168170950,1168170950,삼천리활성탄소(주),Y,N,24,8,2025-12-08,692117255,16610814130.12,,,,,원천_사업자번호집계,
218,4710169801,수처리용여과재,8062001161,8062001161,거성산업,N,N,23,2,2025-12-05,42605431,979924902.0,,,,,원천_사업자번호집계,
219,4710169801,수처리용여과재,1982100388,1982100388,제이케이컴퍼니,N,N,21,4,2025-09-25,127622019,2680062394.79,,,,,원천_사업자번호집계,
220,4710169801,수처리용여과재,4121425031,4121425031,건아,N,N,21,4,2025-12-04,65157268,1368302637.7,,,,,원천_사업자번호집계,
221,4710169801,수처리용여과재,2903101270,2903101270,다인에스티,N,N,21,9,2025-11-03,63779850,1339376860.0,,,,,원천_사업자번호집계,
222,4710169801,수처리용여과재,2068610605,2068610605,케이원에코텍 주식회사,N,Y,20,7,2025-12-26,480562997,9611259933.0,,,,,원천_사업자번호집계,
223,4710169801,수처리용여과재,3978101727,3978101727,디에스엔텍 주식회사,N,N,20,3,2025-11-17,267741325,5354826506.0,,,,,원천_사업자번호집계,
224,4710169801,수처리용여과재,6614200580,6614200580,미성상사,N,N,19,1,2025-06-10,37873314,719592970.0,,,,,원천_사업자번호집계,
225,4710169801,수처리용여과재,1392800447,1392800447,두물기업,Y,N,18,6,2025-12-12,72078966,1297421396.0,,,,,원천_사업자번호집계,
226,4710169801,수처리용여과재,2691101486,2691101486,조앤테크,N,N,18,3,2025-06-09,31874576,573742360.0,,,,,원천_사업자번호집계,
227,4710169801,수처리용여과재,7608100625,7608100625,대신이엔텍 주식회사,N,N,17,6,2025-11-18,265300281,4510104784.0,,,,,원천_사업자번호집계,
228,4710169801,수처리용여과재,2011525821,2011525821,주앤주,N,N,17,3,2025-07-08,165185459,2808152800.0,,,,,원천_사업자번호집계,
229,4710169801,수처리용여과재,1458102877,1458102877,주식회사 오성테크,Y,N,17,5,2025-07-30,87057216,1479972680.0,,,,,원천_사업자번호집계,
230,4710169801,수처리용여과재,6502401417,6502401417,선유통,N,N,17,4,2025-08-05,60341174,1025799960.0,,,,,원천_사업자번호집계,
231,4710169801,수처리용여과재,6101142405,6101142405,만우전기,N,N,16,5,2025-12-30,109890362,1758245793.0,,,,,원천_사업자번호집계,
232,4710169801,수처리용여과재,8272401230,8272401230,오정,N,N,16,5,2025-12-01,65482005,1047712073.0,,,,,원천_사업자번호집계,
233,4710169801,수처리용여과재,1798102185,1798102185,주식회사 디오르마,N,N,16,4,2025-10-10,58151875,930430000.0,,,,,원천_사업자번호집계,
234,4710169801,수처리용여과재,1058762466,1058762466,(주)케이에이치그룹한국역사문화원,N,N,15,9,2025-11-13,75756653,1136349792.0,,,,,원천_사업자번호집계,
235,4710169801,수처리용여과재,3210402072,3210402072,비제이컴퍼니,N,N,15,2,2025-08-13,74726853,1120902790.0,,,,,원천_사업자번호집계,
236,4710169801,수처리용여과재,1318152607,1318152607,주식회사 극동 아이.씨.엠,N,N,14,8,2025-09-01,163325132,2286551847.0,,,,,원천_사업자번호집계,
237,4710169801,수처리용여과재,5250802328,5250802328,일호컴퍼니,N,N,14,,2024-04-15,127208812,1780923370.0,,,,,원천_사업자번호집계,
238,4710169801,수처리용여과재,5253400601,5253400601,지에이치기업,N,N,14,2,2025-12-10,77951919,1091326863.43,,,,,원천_사업자번호집계,
239,4710169801,수처리용여과재,4450402330,4450402330,피와이테크,N,N,14,4,2025-08-25,53400885,747612393.8,,,,,원천_사업자번호집계,
240,4710169801,수처리용여과재,6346100764,6346100764,레브,N,N,13,11,2025-12-16,225564142,2932333840.0,,,,,원천_사업자번호집계,
241,4710169801,수처리용여과재,1141708314,1141708314,미성엔지니어링,N,N,13,6,2025-11-25,177001695,2301022040.0,,,,,원천_사업자번호집계,
242,4710169801,수처리용여과재,4198802063,4198802063,주식회사 갑천만수,N,N,13,4,2025-12-15,148742468,1933652089.0,,,,,원천_사업자번호집계,
243,4710169801,수처리용여과재,5580801504,5580801504,더블유엠,N,N,13,4,2025-06-30,48209382,626721960.0,,,,,원천_사업자번호집계,
244,4710169801,수처리용여과재,2840702041,2840702041,대원,N,N,12,3,2025-08-22,39232083,470785000.0,,,,,원천_사업자번호집계,
245,4710169801,수처리용여과재,8808700159,8808700159,주식회사 하이패스텔,N,N,11,3,2025-05-27,137705321,1514758530.0,,,,,원천_사업자번호집계,
246,4710169801,수처리용여과재,5743001846,5743001846,에이치알에스(HRS),N,N,11,10,2025-11-27,105587935,1161467280.0,,,,,원천_사업자번호집계,
247,4710169801,수처리용여과재,6108170132,6108170132,(주)대교통상,N,N,11,1,2025-02-27,76194425,838138679.1,,,,,원천_사업자번호집계,
248,4710169801,수처리용여과재,8930801386,8930801386,제이앤컴퍼니,N,N,11,3,2025-12-05,42632226,468954490.0,,,,,원천_사업자번호집계,
249,4710169801,수처리용여과재,7398102236,7398102236,주식회사 정운씨앤씨,N,N,11,,2024-12-19,39386822,433255040.0,,,,,원천_사업자번호집계,
250,4710169801,수처리용여과재,2258601811,2258601811,주식회사 원나인텍,N,N,11,1,2025-09-23,33321078,366531860.0,,,,,원천_사업자번호집계,
251,4015150501,정량펌프,6598802147,6598802147,주식회사 헤이치 인 헤이치(H in H),N,N,99,26,2025-12-31,149386164,14789230222.0,,,,,원천_사업자번호집계,
252,4015150501,정량펌프,2117400300,2117400300,에닐트 (HENNILT),N,N,56,4,2025-03-04,72588108,4064934061.0,,,,,원천_사업자번호집계,
253,4015150501,정량펌프,4098615290,4098615290,(주)서린사이언스,N,N,47,11,2025-09-10,66111555,3107243100.0,,,,,원천_사업자번호집계,
254,4015150501,정량펌프,2852501641,2852501641,유니플러스,N,N,35,13,2025-11-27,49579836,1735294250.0,,,,,원천_사업자번호집계,
255,4015150501,정량펌프,7527500263,7527500263,헤이치 인 헤이치(hand in hand),N,N,33,4,2025-07-28,74266197,2450784515.0,,,,,원천_사업자번호집계,
256,4015150501,정량펌프,1288686770,1288686770,주식회사 메디시온,N,N,32,4,2025-06-16,143859070,4603490234.1,,,,,원천_사업자번호집계,
257,4015150501,정량펌프,4020263826,4020263826,바이오필,N,N,20,5,2025-12-08,48805840,976116800.0,,,,,원천_사업자번호집계,
258,4015150501,정량펌프,2632300779,2632300779,천지하이텍,N,Y,18,5,2025-12-10,65625337,1181256060.0,,,,,원천_사업자번호집계,
259,4015150501,정량펌프,5728702483,5728702483,주식회사 케이제이에스랩,N,N,18,6,2025-12-05,52990087,953821560.0,,,,,원천_사업자번호집계,
260,4015150501,정량펌프,5688200569,5688200569,사단법인 벗나래복지회사업단,N,Y,17,17,2025-12-26,227863912,3873686500.0,,,,,원천_사업자번호집계,
261,4015150501,정량펌프,1798102185,1798102185,주식회사 디오르마,N,N,16,4,2025-10-10,58151875,930430000.0,,,,,원천_사업자번호집계,
262,4015150501,정량펌프,1058762466,1058762466,(주)케이에이치그룹한국역사문화원,N,N,15,9,2025-11-13,75756653,1136349792.0,,,,,원천_사업자번호집계,
263,4015150501,정량펌프,2791401150,2791401150,가우정인,N,N,15,1,2025-01-15,59592627,893889400.0,,,,,원천_사업자번호집계,
264,4015150501,정량펌프,8858700815,8858700815,주식회사 지에코,N,N,14,3,2025-11-17,92209095,1290927332.0,,,,,원천_사업자번호집계,
265,4015150501,정량펌프,8660501030,8660501030,서이과학교육,Y,N,14,3,2025-11-27,79218672,1109061412.0,,,,,원천_사업자번호집계,
266,4015150501,정량펌프,1401086324,1401086324,유니솔트,N,N,14,3,2025-12-26,66897598,936566369.0,,,,,원천_사업자번호집계,
267,4015150501,정량펌프,6868702439,6868702439,주식회사 인팩솔루션,N,N,12,1,2025-03-14,120532462,1446389540.0,,,,,원천_사업자번호집계,
268,4015150501,정량펌프,1521801697,1521801697,평온상사,N,N,12,2,2025-09-01,112149513,1345794157.0,,,,,원천_사업자번호집계,
269,4015150501,정량펌프,3038602497,3038602497,주식회사 대림산업기술,N,N,11,3,2025-06-28,100316336,1103479700.0,,,,,원천_사업자번호집계,
270,4015150501,정량펌프,1348646550,1348646550,주식회사청솔엠테크,N,N,10,4,2025-10-28,196369360,1963693600.0,,,,,원천_사업자번호집계,
271,4015150501,정량펌프,7262601722,7262601722,창원,N,N,10,1,2025-03-13,64380573,643805733.0,,,,,원천_사업자번호집계,
272,4015150501,정량펌프,4556600429,4556600429,승주상사,N,N,10,1,2025-04-23,55270744,552707440.0,,,,,원천_사업자번호집계,
273,4015150501,정량펌프,6870801457,6870801457,굿디자인,N,N,10,2,2025-12-04,30230318,302303175.0,,,,,원천_사업자번호집계,
274,4015150501,정량펌프,1308182281,1308182281,주식회사 상아엠에스디,N,N,9,1,2025-08-13,164641740,1481775660.0,,,,,원천_사업자번호집계,
275,4015150501,정량펌프,2988102360,2988102360,주식회사 아이수(i-su Inc.),N,Y,9,4,2025-12-16,91577572,824198150.0,,,,,원천_사업자번호집계,
276,4015150501,정량펌프,4892601333,4892601333,원테크,N,N,9,1,2025-06-10,48431704,435885340.0,,,,,원천_사업자번호집계,
277,4015150501,정량펌프,4012901334,4012901334,솔미,N,N,9,,2024-12-25,29910299,269192689.27,,,,,원천_사업자번호집계,
278,4015150501,정량펌프,3826700550,3826700550,헤븐산업,N,N,9,2,2025-08-11,23543717,211893450.0,,,,,원천_사업자번호집계,
279,4015150501,정량펌프,1131581453,1131581453,동양펌프,N,Y,8,3,2025-12-02,282732851,2261862806.0,,,,,원천_사업자번호집계,
280,4015150501,정량펌프,6555400458,6555400458,애드톡컴퍼니,N,N,8,1,2025-04-17,127659009,1021272070.0,,,,,원천_사업자번호집계,
281,4015150501,정량펌프,4848700285,4848700285,주식회사 디케이엔지니어링,N,N,8,2,2025-03-10,74582208,596657661.0,,,,,원천_사업자번호집계,
282,4015150501,정량펌프,2184100526,2184100526,씨티원 경기지점,N,N,8,2,2025-05-15,60495662,483965298.0,,,,,원천_사업자번호집계,
283,4015150501,정량펌프,6083693694,6083693694,재동상사,N,N,8,4,2025-12-31,53920667,431365337.11,,,,,원천_사업자번호집계,
284,4015150501,정량펌프,2854200988,2854200988,효명엔지니어링,N,N,8,3,2025-12-26,34403051,275224405.43,,,,,원천_사업자번호집계,
285,4015150501,정량펌프,7928103347,7928103347,주식회사 프리젠,N,N,7,,2024-07-23,116483029,815381200.0,,,,,원천_사업자번호집계,
286,4015150501,정량펌프,4874600729,4874600729,신형,N,N,7,3,2025-12-02,115352319,807466230.0,,,,,원천_사업자번호집계,
287,4015150501,정량펌프,4022170444,4022170444,미래홀딩스,N,N,7,2,2025-08-28,93828964,656802750.0,,,,,원천_사업자번호집계,
288,4015150501,정량펌프,8544300608,8544300608,아즈위,N,N,7,1,2025-09-05,63645231,445516616.0,,,,,원천_사업자번호집계,
289,4015150501,정량펌프,6413200836,6413200836,양현,N,N,7,1,2025-12-03,47502743,332519200.0,,,,,원천_사업자번호집계,
290,4015150501,정량펌프,4162052579,4162052579,로젠스,N,N,7,3,2025-11-12,43553451,304874160.0,,,,,원천_사업자번호집계,
291,4015150501,정량펌프,6990802444,6990802444,온그린,N,N,7,2,2025-12-15,29549522,206846651.3,,,,,원천_사업자번호집계,
292,4015150501,정량펌프,4188116911,4188116911,유한회사 일도엔지니어링,N,Y,6,,2024-06-17,338437767,2030626600.0,,,,,원천_사업자번호집계,
293,4015150501,정량펌프,8521602190,8521602190,휴먼,N,N,6,3,2025-07-04,165008334,990050005.0,,,,,원천_사업자번호집계,
294,4015150501,정량펌프,8821501991,8821501991,지니어스케이,N,N,6,1,2025-06-02,125725888,754355330.0,,,,,원천_사업자번호집계,
295,4015150501,정량펌프,5612601256,5612601256,엠솔루션,N,N,6,1,2025-11-04,76686032,460116190.0,,,,,원천_사업자번호집계,
296,4015150501,정량펌프,5541000898,5541000898,유아이네추럴,N,N,6,2,2025-12-17,65285768,391714607.0,,,,,원천_사업자번호집계,
297,4015150501,정량펌프,1501800090,1501800090,가빈,N,N,6,3,2025-09-22,53386127,320316760.0,,,,,원천_사업자번호집계,
298,4015150501,정량펌프,2130233834,2130233834,한가람커뮤니케이션즈,N,N,6,2,2025-03-12,48781046,292686274.0,,,,,원천_사업자번호집계,
299,4015150501,정량펌프,6352100820,6352100820,나린아토,N,N,6,3,2025-09-10,44951362,269708170.0,,,,,원천_사업자번호집계,
300,4015150501,정량펌프,8468101781,8468101781,(주)나인티에스,N,Y,6,1,2025-11-20,39841025,239046148.0,,,,,원천_사업자번호집계,
301,4010160101,송풍기,3050743164,3050743164,컴텍시스템,N,N,99,20,2025-12-16,78635848,7784949000.0,,,,,원천_사업자번호집계,
302,4010160101,송풍기,2048197877,2048197877,주식회사 그린주의,N,N,78,32,2025-12-29,101501539,7917120028.45,,,,,원천_사업자번호집계,
303,4010160101,송풍기,8278602014,8278602014,주식회사 혼정보통신,N,N,69,10,2025-11-10,51185054,3531768743.0,,,,,원천_사업자번호집계,
304,4010160101,송풍기,1228646713,1228646713,주식회사 새론아이,N,N,58,3,2025-07-07,83034402,4815995330.0,,,,,원천_사업자번호집계,
305,4010160101,송풍기,7620400047,7620400047,에스지에스,N,N,57,8,2025-12-08,47472819,2705950690.79,,,,,원천_사업자번호집계,
306,4010160101,송풍기,2117400300,2117400300,에닐트 (HENNILT),N,N,56,4,2025-03-04,72588108,4064934061.0,,,,,원천_사업자번호집계,
307,4010160101,송풍기,7394000782,7394000782,더원컴퍼니,N,N,51,2,2025-06-23,65134470,3321857976.05,,,,,원천_사업자번호집계,
308,4010160101,송풍기,7278602368,7278602368,주식회사 숨,N,N,48,6,2025-12-03,54933448,2636805503.0,,,,,원천_사업자번호집계,
309,4010160101,송풍기,4858601669,4858601669,주식회사 모아텍,N,N,47,8,2025-12-11,118021616,5547015951.0,,,,,원천_사업자번호집계,
310,4010160101,송풍기,1308685487,1308685487,바이오퍼스글로벌 주식회사,N,N,46,5,2025-07-07,86112151,3961158937.0,,,,,원천_사업자번호집계,
311,4010160101,송풍기,5295500699,5295500699,비에스에스,N,N,46,14,2025-12-10,44454312,2044898359.0,,,,,원천_사업자번호집계,
312,4010160101,송풍기,6978702327,6978702327,주식회사 크리스탈소프트,N,N,45,12,2025-12-14,49166961,2212513242.0,,,,,원천_사업자번호집계,
313,4010160101,송풍기,6122552599,6122552599,안가,N,N,42,14,2025-12-24,99386785,4174244955.0,,,,,원천_사업자번호집계,
314,4010160101,송풍기,1428800715,1428800715,주식회사 유진랩,N,N,41,3,2025-12-30,67296521,2759157360.0,,,,,원천_사업자번호집계,
315,4010160101,송풍기,2078802795,2078802795,주식회사 클라우드소프트,N,N,41,7,2025-11-04,49425027,2026426099.0,,,,,원천_사업자번호집계,
316,4010160101,송풍기,7810302068,7810302068,에이스건설산업,N,N,39,9,2025-11-20,57439411,2240137034.95,,,,,원천_사업자번호집계,
317,4010160101,송풍기,7481801052,7481801052,제스트,N,N,37,5,2025-06-12,40159048,1485884773.06,,,,,원천_사업자번호집계,
318,4010160101,송풍기,3328802499,3328802499,주식회사 루트텍,N,N,35,2,2025-05-30,46886168,1641015863.0,,,,,원천_사업자번호집계,
319,4010160101,송풍기,6870700558,6870700558,에스엠제이,N,N,35,5,2025-11-25,37583689,1315429118.0,,,,,원천_사업자번호집계,
320,4010160101,송풍기,1288686770,1288686770,주식회사 메디시온,N,N,32,4,2025-06-16,143859070,4603490234.1,,,,,원천_사업자번호집계,
321,4010160101,송풍기,7958701414,7958701414,주식회사 씨티원 충남,N,N,32,10,2025-12-31,66340780,2122904955.42,,,,,원천_사업자번호집계,
322,4010160101,송풍기,6671900936,6671900936,제이디아이(JDI),N,N,32,3,2025-10-13,27473075,879138387.0,,,,,원천_사업자번호집계,
323,4010160101,송풍기,3091861646,3091861646,모아상사,N,N,29,9,2025-12-11,101900848,2955124581.0,,,,,원천_사업자번호집계,
324,4010160101,송풍기,7254000347,7254000347,마린아트,N,N,28,3,2025-08-25,50904524,1425326674.0,,,,,원천_사업자번호집계,
325,4010160101,송풍기,5118127226,5118127226,주식회사 마크온탑,N,N,27,7,2025-11-11,101554183,2741962939.6,,,,,원천_사업자번호집계,
326,4010160101,송풍기,8878102928,8878102928,주식회사 제이디폼,N,N,27,2,2025-07-23,83500934,2254525225.85,,,,,원천_사업자번호집계,
327,4010160101,송풍기,2166700331,2166700331,디오세이프티(DO SAFETY),N,N,26,4,2025-12-04,53578864,1393050453.0,,,,,원천_사업자번호집계,
328,4010160101,송풍기,2273001106,2273001106,서이트레이드,N,N,25,14,2025-12-16,118393728,2959843210.0,,,,,원천_사업자번호집계,
329,4010160101,송풍기,5323701365,5323701365,케이엘컴퍼니,N,N,25,5,2025-12-15,62582238,1564555950.0,,,,,원천_사업자번호집계,
330,4010160101,송풍기,2068693703,2068693703,(주)원포인트 듀오,N,N,23,9,2025-12-24,51209869,1177826983.12,,,,,원천_사업자번호집계,
331,4010160101,송풍기,4721301373,4721301373,어진컴퍼니,N,N,21,,2024-11-29,116237986,2440997700.0,,,,,원천_사업자번호집계,
332,4010160101,송풍기,1218641961,1218641961,주식회사 이안코리아,N,N,19,1,2025-12-23,208236483,3956493170.0,,,,,원천_사업자번호집계,
333,4010160101,송풍기,2803701009,2803701009,오성,N,N,19,2,2025-05-26,133731538,2540899223.0,,,,,원천_사업자번호집계,
334,4010160101,송풍기,3020561946,3020561946,다옴,N,N,19,6,2025-11-07,66847753,1270107300.0,,,,,원천_사업자번호집계,
335,4010160101,송풍기,1408161167,1408161167,(주)협성산업,N,N,19,2,2025-07-08,53113806,1009162310.0,,,,,원천_사업자번호집계,
336,4010160101,송풍기,4088166210,4088166210,주식회사 엔디,N,N,19,3,2025-07-14,49484659,940208520.0,,,,,원천_사업자번호집계,
337,4010160101,송풍기,3532200610,3532200610,자한티씨,N,N,19,3,2025-05-02,42657494,810492380.0,,,,,원천_사업자번호집계,
338,4010160101,송풍기,2292401057,2292401057,클로버,N,N,19,2,2025-07-31,40275476,765234047.89,,,,,원천_사업자번호집계,
339,4010160101,송풍기,3061864998,3061864998,에스코,N,N,18,3,2025-10-28,66737472,1201274496.0,,,,,원천_사업자번호집계,
340,4010160101,송풍기,8891000019,8891000019,동행상사,N,N,18,4,2025-11-14,35246885,634443925.0,,,,,원천_사업자번호집계,
341,4010160101,송풍기,2011525821,2011525821,주앤주,N,N,17,3,2025-07-08,165185459,2808152800.0,,,,,원천_사업자번호집계,
342,4010160101,송풍기,1218186809,1218186809,(주)씨티원서비스,N,N,17,,2024-12-31,127562997,2168570951.0,,,,,원천_사업자번호집계,
343,4010160101,송풍기,5568101156,5568101156,주식회사 우리에이치알컴퍼니,N,N,17,4,2025-11-24,121108283,2058840819.0,,,,,원천_사업자번호집계,
344,4010160101,송풍기,7807000278,7807000278,번개상사,N,N,17,4,2025-05-22,98620968,1676556454.66,,,,,원천_사업자번호집계,
345,4010160101,송풍기,5073600534,5073600534,엔젤테크,N,N,17,5,2025-11-13,79916535,1358581090.0,,,,,원천_사업자번호집계,
346,4010160101,송풍기,6502401417,6502401417,선유통,N,N,17,4,2025-08-05,60341174,1025799960.0,,,,,원천_사업자번호집계,
347,4010160101,송풍기,3682700131,3682700131,경은상회,N,N,16,2,2025-04-11,113529378,1816470050.0,,,,,원천_사업자번호집계,
348,4010160101,송풍기,1430175713,1430175713,에스와이컴퍼니,N,N,16,4,2025-05-21,100661183,1610578923.0,,,,,원천_사업자번호집계,
349,4010160101,송풍기,3271901186,3271901186,엠에이치테크,N,N,16,3,2025-05-30,82118250,1313892000.0,,,,,원천_사업자번호집계,
350,4010160101,송풍기,7342601117,7342601117,에벤에셀,N,N,16,1,2025-10-30,71702646,1147242330.0,,,,,원천_사업자번호집계,
351,4111250101,유량계,1228646713,1228646713,주식회사 새론아이,N,N,58,3,2025-07-07,83034402,4815995330.0,,,,,원천_사업자번호집계,
352,4111250101,유량계,1160724873,1160724873,나산상사,N,N,54,10,2025-12-26,64190702,3466297885.36,,,,,원천_사업자번호집계,
353,4111250101,유량계,2108159349,2108159349,주식회사 피디원 (PDONE),N,N,53,11,2025-10-27,259612769,13759476741.0,,,,,원천_사업자번호집계,
354,4111250101,유량계,5295500699,5295500699,비에스에스,N,N,46,14,2025-12-10,44454312,2044898359.0,,,,,원천_사업자번호집계,
355,4111250101,유량계,2521201281,2521201281,에이디 커머스,N,N,37,9,2025-11-24,35807812,1324889059.0,,,,,원천_사업자번호집계,
356,4111250101,유량계,3328802499,3328802499,주식회사 루트텍,N,N,35,2,2025-05-30,46886168,1641015863.0,,,,,원천_사업자번호집계,
357,4111250101,유량계,4193201276,4193201276,태화기업,N,N,29,7,2025-12-30,136581825,3960872918.0,,,,,원천_사업자번호집계,
358,4111250101,유량계,3091861646,3091861646,모아상사,N,N,29,9,2025-12-11,101900848,2955124581.0,,,,,원천_사업자번호집계,
359,4111250101,유량계,5118127226,5118127226,주식회사 마크온탑,N,N,27,7,2025-11-11,101554183,2741962939.6,,,,,원천_사업자번호집계,
360,4111250101,유량계,1312045032,1312045032,툴데포,N,N,27,6,2025-12-12,74542994,2012660840.0,,,,,원천_사업자번호집계,
361,4111250101,유량계,4721301373,4721301373,어진컴퍼니,N,N,21,,2024-11-29,116237986,2440997700.0,,,,,원천_사업자번호집계,
362,4111250101,유량계,4551701809,4551701809,니즈스토리,N,N,21,5,2025-11-18,51422968,1079882319.0,,,,,원천_사업자번호집계,
363,4111250101,유량계,8612101471,8612101471,테라물라,N,N,19,6,2025-12-25,106418000,2021942000.0,,,,,원천_사업자번호집계,
364,4111250101,유량계,2138639269,2138639269,주식회사 하이드로넷,N,Y,19,8,2025-12-16,104944511,1993945700.0,,,,,원천_사업자번호집계,
365,4111250101,유량계,3294700944,3294700944,우주유통,N,N,19,5,2025-10-28,47305218,898799142.89,,,,,원천_사업자번호집계,
366,4111250101,유량계,3883001492,3883001492,유엔글로벌,N,N,18,6,2025-12-27,59543989,1071791796.0,,,,,원천_사업자번호집계,
367,4111250101,유량계,6502401417,6502401417,선유통,N,N,17,4,2025-08-05,60341174,1025799960.0,,,,,원천_사업자번호집계,
368,4111250101,유량계,1690402168,1690402168,세렌디피티,N,N,16,7,2025-12-24,104239580,1667833277.0,,,,,원천_사업자번호집계,
369,4111250101,유량계,6418702417,6418702417,주식회사 원스타,N,N,16,2,2025-02-12,59633865,954141843.57,,,,,원천_사업자번호집계,
370,4111250101,유량계,2872501915,2872501915,유누 컴퍼니,N,N,15,8,2025-10-17,75059341,1125890120.0,,,,,원천_사업자번호집계,
371,4111250101,유량계,2791401150,2791401150,가우정인,N,N,15,1,2025-01-15,59592627,893889400.0,,,,,원천_사업자번호집계,
372,4111250101,유량계,8350601275,8350601275,옥이커피,N,N,15,,2024-08-30,44437823,666567347.0,,,,,원천_사업자번호집계,
373,4111250101,유량계,5250802328,5250802328,일호컴퍼니,N,N,14,,2024-04-15,127208812,1780923370.0,,,,,원천_사업자번호집계,
374,4111250101,유량계,2158662413,2158662413,(주)동건,N,N,14,3,2025-09-10,63200643,884809000.0,,,,,원천_사업자번호집계,
375,4111250101,유량계,2638802174,2638802174,제이컴주식회사,N,N,14,2,2025-11-26,59680551,835527710.0,,,,,원천_사업자번호집계,
376,4111250101,유량계,1868702400,1868702400,주식회사 그린아이앤티,N,N,13,2,2025-06-10,68391582,889090570.0,,,,,원천_사업자번호집계,
377,4111250101,유량계,6044071787,6044071787,에이치엠,N,N,13,2,2025-09-24,40478159,526216073.0,,,,,원천_사업자번호집계,
378,4111250101,유량계,6868702439,6868702439,주식회사 인팩솔루션,N,N,12,1,2025-03-14,120532462,1446389540.0,,,,,원천_사업자번호집계,
379,4111250101,유량계,2060684804,2060684804,인텍시스템,N,N,12,,2024-11-28,94451667,1133420000.0,,,,,원천_사업자번호집계,
380,4111250101,유량계,8466000619,8466000619,정욱,N,N,12,5,2025-09-05,81759448,981113377.0,,,,,원천_사업자번호집계,
381,4111250101,유량계,7038601174,7038601174,주식회사 제이디글로벌,N,N,12,1,2025-06-18,78876196,946514350.0,,,,,원천_사업자번호집계,
382,4111250101,유량계,2198800975,2198800975,주식회사 동빈글로벌,N,N,12,1,2025-06-05,74844251,898131010.0,,,,,원천_사업자번호집계,
383,4111250101,유량계,7022701500,7022701500,골드굿즈,N,N,12,6,2025-03-04,30389668,364676020.13,,,,,원천_사업자번호집계,
384,4111250101,유량계,1248137874,1248137874,한양이엔지 주식회사,N,N,11,4,2025-12-19,3498444342,38482887761.0,,,,,원천_사업자번호집계,
385,4111250101,유량계,1084674027,1084674027,한컴퍼니,N,N,11,4,2025-12-30,160025184,1760277029.0,,,,,원천_사업자번호집계,
386,4111250101,유량계,6088188906,6088188906,주식회사 모네스틸,N,N,11,1,2025-07-31,132073188,1452805062.56,,,,,원천_사업자번호집계,
387,4111250101,유량계,8143300824,8143300824,현진테크,N,N,11,6,2025-12-12,92696115,1019657270.0,,,,,원천_사업자번호집계,
388,4111250101,유량계,1022395874,1022395874,월드코리아,N,N,11,2,2025-07-18,48661340,535274736.72,,,,,원천_사업자번호집계,
389,4111250101,유량계,7398102236,7398102236,주식회사 정운씨앤씨,N,N,11,,2024-12-19,39386822,433255040.0,,,,,원천_사업자번호집계,
390,4111250101,유량계,3854700702,3854700702,에스디씨,N,N,11,,2023-07-26,37732933,415062261.0,,,,,원천_사업자번호집계,
391,4111250101,유량계,7658101712,7658101712,주식회사 다은컴퍼니,N,N,10,1,2025-08-04,145902382,1459023819.12,,,,,원천_사업자번호집계,
392,4111250101,유량계,6140801143,6140801143,명지산업,N,N,10,,2024-05-17,120010296,1200102960.0,,,,,원천_사업자번호집계,
393,4111250101,유량계,4614300522,4614300522,다이아나,N,N,10,2,2025-11-12,97399134,973991336.0,,,,,원천_사업자번호집계,
394,4111250101,유량계,4556600429,4556600429,승주상사,N,N,10,1,2025-04-23,55270744,552707440.0,,,,,원천_사업자번호집계,
395,4111250101,유량계,5180600482,5180600482,리얼야구존평거점,N,N,10,3,2025-03-21,44446262,444462620.0,,,,,원천_사업자번호집계,
396,4111250101,유량계,4154400910,4154400910,히또컴퍼니,N,N,10,2,2025-07-10,31780695,317806954.86,,,,,원천_사업자번호집계,
397,4111250101,유량계,1308665007,1308665007,주식회사아이디에프,N,N,9,1,2025-04-09,199356515,1794208631.0,,,,,원천_사업자번호집계,
398,4111250101,유량계,4038183460,4038183460,주식회사 진성하이텍,N,N,9,4,2025-06-13,180566167,1625095500.0,,,,,원천_사업자번호집계,
399,4111250101,유량계,5218102275,5218102275,주식회사 유진기업,N,N,9,2,2025-10-21,112894821,1016053384.6,,,,,원천_사업자번호집계,
400,4111250101,유량계,7201301326,7201301326,차가운 탁구공,N,N,9,1,2025-09-09,103342678,930084105.0,,,,,원천_사업자번호집계,
401,4015151301,수중펌프,2998200019,2998200019,(사)한빛장애인협회 기전사업단,N,Y,50,19,2025-12-12,311010612,15550530615.0,,,,,원천_사업자번호집계,
402,4015151301,수중펌프,5118127226,5118127226,주식회사 마크온탑,N,N,27,7,2025-11-11,101554183,2741962939.6,,,,,원천_사업자번호집계,
403,4015151301,수중펌프,4018140669,4018140669,(유)신성시엔시,N,N,26,7,2025-12-29,94499018,2456974470.0,,,,,원천_사업자번호집계,
404,4015151301,수중펌프,1608803078,1608803078,유명이엔지주식회사,N,Y,21,12,2025-12-08,139764422,2935052860.0,,,,,원천_사업자번호집계,
405,4015151301,수중펌프,8612101471,8612101471,테라물라,N,N,19,6,2025-12-25,106418000,2021942000.0,,,,,원천_사업자번호집계,
406,4015151301,수중펌프,2608603243,2608603243,주식회사 와이에스제이,N,N,19,6,2025-12-02,45670692,867743139.0,,,,,원천_사업자번호집계,
407,4015151301,수중펌프,6938600164,6938600164,주식회사 마한건설조명,N,N,18,2,2025-04-24,64056008,1153008139.0,,,,,원천_사업자번호집계,
408,4015151301,수중펌프,5688200569,5688200569,사단법인 벗나래복지회사업단,N,Y,17,17,2025-12-26,227863912,3873686500.0,,,,,원천_사업자번호집계,
409,4015151301,수중펌프,6502401417,6502401417,선유통,N,N,17,4,2025-08-05,60341174,1025799960.0,,,,,원천_사업자번호집계,
410,4015151301,수중펌프,7782600684,7782600684,한마음,N,N,11,3,2025-12-19,102159537,1123754910.0,,,,,원천_사업자번호집계,
411,4015151301,수중펌프,6586100718,6586100718,대연상사,N,N,11,5,2025-10-10,83091473,914006200.0,,,,,원천_사업자번호집계,
412,4015151301,수중펌프,4098145197,4098145197,브이원건설 주식회사,N,N,10,1,2025-12-29,237167481,2371674810.0,,,,,원천_사업자번호집계,
413,4015151301,수중펌프,5108119062,5108119062,브이건설 주식회사,N,N,10,3,2025-12-31,235650386,2356503860.0,,,,,원천_사업자번호집계,
414,4015151301,수중펌프,6561802048,6561802048,에스알퍼포먼스,N,N,10,10,2025-12-16,33212621,332126212.9,,,,,원천_사업자번호집계,
415,4015151301,수중펌프,6870801457,6870801457,굿디자인,N,N,10,2,2025-12-04,30230318,302303175.0,,,,,원천_사업자번호집계,
416,4015151301,수중펌프,4098192439,4098192439,에이원산업 주식회사,N,N,9,,2024-05-03,134588034,1211292310.0,,,,,원천_사업자번호집계,
417,4015151301,수중펌프,4108197415,4108197415,지브이산업 주식회사,N,N,9,2,2025-12-29,113555756,1022001800.0,,,,,원천_사업자번호집계,
418,4015151301,수중펌프,5218102275,5218102275,주식회사 유진기업,N,N,9,2,2025-10-21,112894821,1016053384.6,,,,,원천_사업자번호집계,
419,4015151301,수중펌프,2988102360,2988102360,주식회사 아이수(i-su Inc.),Y,Y,9,4,2025-12-16,91577572,824198150.0,,,,,원천_사업자번호집계,
420,4015151301,수중펌프,2338601340,2338601340,창조토건주식회사,N,N,9,4,2025-11-04,55956038,503604338.0,,,,,원천_사업자번호집계,
421,4015151301,수중펌프,7180103124,7180103124,제이와이시스템,N,N,9,4,2025-11-11,38296549,344668940.0,,,,,원천_사업자번호집계,
422,4015151301,수중펌프,3978200633,3978200633,(사)한빛장애인협회 환경사업단,N,Y,8,5,2025-12-17,385580004,3084640030.0,,,,,원천_사업자번호집계,
423,4015151301,수중펌프,1131581453,1131581453,동양펌프,N,Y,8,3,2025-12-02,282732851,2261862806.0,,,,,원천_사업자번호집계,
424,4015151301,수중펌프,7648602386,7648602386,유한회사 정석,N,N,8,1,2025-05-08,141838379,1134707030.0,,,,,원천_사업자번호집계,
425,4015151301,수중펌프,7850902363,7850902363,레몬,N,N,8,2,2025-04-04,36419249,291353990.0,,,,,원천_사업자번호집계,
426,4015151301,수중펌프,1138197829,1138197829,주식회사 드림이앤에프,N,N,7,1,2025-08-19,311615293,2181307050.0,,,,,원천_사업자번호집계,
427,4015151301,수중펌프,4874600729,4874600729,신형,N,N,7,3,2025-12-02,115352319,807466230.0,,,,,원천_사업자번호집계,
428,4015151301,수중펌프,2362501649,2362501649,영재유통,N,N,7,1,2025-06-03,90702153,634915068.04,,,,,원천_사업자번호집계,
429,4015151301,수중펌프,2318802328,2318802328,주식회사 제이앤에스,N,N,7,1,2025-04-02,70311522,492180657.0,,,,,원천_사업자번호집계,
430,4015151301,수중펌프,2248124586,2248124586,합자회사 영진이엔지,N,N,7,1,2025-08-22,57163229,400142603.0,,,,,원천_사업자번호집계,
431,4015151301,수중펌프,6413200836,6413200836,양현,N,N,7,1,2025-12-03,47502743,332519200.0,,,,,원천_사업자번호집계,
432,4015151301,수중펌프,3883501352,3883501352,루아프라임,N,N,7,7,2025-12-12,38655592,270589146.56,,,,,원천_사업자번호집계,
433,4015151301,수중펌프,5038118634,5038118634,광진기공(주),N,N,6,2,2025-12-22,287827705,1726966230.0,,,,,원천_사업자번호집계,
434,4015151301,수중펌프,1258130442,1258130442,성남건설산업주식회사,N,N,6,1,2025-12-19,253322927,1519937560.0,,,,,원천_사업자번호집계,
435,4015151301,수중펌프,4188152426,4188152426,하이스트 주식회사,N,Y,6,5,2025-11-18,187228167,1123369000.0,,,,,원천_사업자번호집계,
436,4015151301,수중펌프,2201169007,2201169007,대경시스템,N,N,6,2,2025-12-29,68787978,412727870.0,,,,,원천_사업자번호집계,
437,4015151301,수중펌프,4938702254,4938702254,(주)오니,N,N,6,1,2025-04-03,55735997,334415980.0,,,,,원천_사업자번호집계,
438,4015151301,수중펌프,6514700797,6514700797,다산의료기,N,N,6,,2024-07-15,54294348,325766090.0,,,,,원천_사업자번호집계,
439,4015151301,수중펌프,2130233834,2130233834,한가람커뮤니케이션즈,N,N,6,2,2025-03-12,48781046,292686274.0,,,,,원천_사업자번호집계,
440,4015151301,수중펌프,8468101781,8468101781,(주)나인티에스,N,Y,6,1,2025-11-20,39841025,239046148.0,,,,,원천_사업자번호집계,
441,4015151301,수중펌프,1928101651,1928101651,주식회사 진흥,N,N,6,5,2025-09-18,20855359,125132155.0,,,,,원천_사업자번호집계,
442,4015151301,수중펌프,3018137471,3018137471,(주)태성,N,N,5,2,2025-12-23,205986132,1029930660.0,,,,,원천_사업자번호집계,
443,4015151301,수중펌프,7218702921,7218702921,주식회사 이현코리아,N,N,5,2,2025-11-27,131405600,657028000.0,,,,,원천_사업자번호집계,
444,4015151301,수중펌프,3118702821,3118702821,유한회사 은광,N,N,5,4,2025-10-20,97973181,489865903.86,,,,,원천_사업자번호집계,
445,4015151301,수중펌프,3018607477,3018607477,아라온정보통신 주식회사,N,N,5,,2023-07-12,81895674,409478370.0,,,,,원천_사업자번호집계,
446,4015151301,수중펌프,5172501460,5172501460,기쁜몰,N,N,5,2,2025-12-11,75555272,377776362.0,,,,,원천_사업자번호집계,
447,4015151301,수중펌프,8951202544,8951202544,에스이스페이스,N,N,5,5,2025-10-30,70442724,352213620.0,,,,,원천_사업자번호집계,
448,4015151301,수중펌프,6632301982,6632301982,더보스,N,N,5,4,2025-06-24,65514610,327573049.62,,,,,원천_사업자번호집계,
449,4015151301,수중펌프,4011891219,4011891219,반도,N,N,5,1,2025-12-04,46280066,231400330.0,,,,,원천_사업자번호집계,
450,4015151301,수중펌프,1022268268,1022268268,원플랫폼,N,N,5,,2024-04-19,35269098,176345489.0,,,,,원천_사업자번호집계,
451,4014169401,제수밸브,8278602014,8278602014,주식회사 혼정보통신,N,N,69,10,2025-11-10,51185054,3531768743.0,,,,,원천_사업자번호집계,
452,4014169401,제수밸브,7278602368,7278602368,주식회사 숨,N,N,48,6,2025-12-03,54933448,2636805503.0,,,,,원천_사업자번호집계,
453,4014169401,제수밸브,6978702327,6978702327,주식회사 크리스탈소프트,N,N,45,12,2025-12-14,49166961,2212513242.0,,,,,원천_사업자번호집계,
454,4014169401,제수밸브,2078802795,2078802795,주식회사 클라우드소프트,N,N,41,7,2025-11-04,49425027,2026426099.0,,,,,원천_사업자번호집계,
455,4014169401,제수밸브,3328802499,3328802499,주식회사 루트텍,N,N,35,2,2025-05-30,46886168,1641015863.0,,,,,원천_사업자번호집계,
456,4014169401,제수밸브,8022301103,8022301103,엔에이치물산,N,N,23,3,2025-10-20,33850267,778556148.43,,,,,원천_사업자번호집계,
457,4014169401,제수밸브,1222645933,1222645933,디자인 청호,N,N,22,4,2025-10-10,184999255,4069983618.0,,,,,원천_사업자번호집계,
458,4014169401,제수밸브,4552701341,4552701341,선양인터,N,N,22,5,2025-10-15,29503038,649066832.0,,,,,원천_사업자번호집계,
459,4014169401,제수밸브,3294700944,3294700944,우주유통,N,N,19,5,2025-10-28,47305218,898799142.89,,,,,원천_사업자번호집계,
460,4014169401,제수밸브,2608603243,2608603243,주식회사 와이에스제이,N,N,19,6,2025-12-02,45670692,867743139.0,,,,,원천_사업자번호집계,
461,4014169401,제수밸브,6068623843,6068623843,주식회사 태원엠티,N,N,18,6,2025-11-04,86782500,1562085006.0,,,,,원천_사업자번호집계,
462,4014169401,제수밸브,6502401417,6502401417,선유통,N,N,17,4,2025-08-05,60341174,1025799960.0,,,,,원천_사업자번호집계,
463,4014169401,제수밸브,2791401150,2791401150,가우정인,N,N,15,1,2025-01-15,59592627,893889400.0,,,,,원천_사업자번호집계,
464,4014169401,제수밸브,6132721977,6132721977,나이스컴퍼니,N,N,14,3,2025-12-02,46870432,656186050.0,,,,,원천_사업자번호집계,
465,4014169401,제수밸브,8800301895,8800301895,베어영컴퍼니,N,N,14,5,2025-09-17,44123108,617723513.69,,,,,원천_사업자번호집계,
466,4014169401,제수밸브,4410801337,4410801337,엔플,N,N,13,6,2025-09-22,118253975,1537301671.0,,,,,원천_사업자번호집계,
467,4014169401,제수밸브,4031435175,4031435175,세화,N,N,13,5,2025-12-22,101859312,1324171053.14,,,,,원천_사업자번호집계,
468,4014169401,제수밸브,3303500956,3303500956,제이유컴퍼니,N,N,13,4,2025-12-08,29985689,389813961.0,,,,,원천_사업자번호집계,
469,4014169401,제수밸브,8466000619,8466000619,정욱,N,N,12,5,2025-09-05,81759448,981113377.0,,,,,원천_사업자번호집계,
470,4014169401,제수밸브,2876200380,2876200380,고호상사,N,N,12,3,2025-10-29,55219568,662634818.0,,,,,원천_사업자번호집계,
471,4014169401,제수밸브,5494300900,5494300900,심이유통,N,N,12,3,2025-12-09,30638399,367660786.0,,,,,원천_사업자번호집계,
472,4014169401,제수밸브,7022701500,7022701500,골드굿즈,N,N,12,6,2025-03-04,30389668,364676020.13,,,,,원천_사업자번호집계,
473,4014169401,제수밸브,1084674027,1084674027,한컴퍼니,N,N,11,4,2025-12-30,160025184,1760277029.0,,,,,원천_사업자번호집계,
474,4014169401,제수밸브,6850301723,6850301723,대호컴퍼니,N,N,11,4,2025-07-21,132550675,1458057430.0,,,,,원천_사업자번호집계,
475,4014169401,제수밸브,2111395806,2111395806,에그코리아,N,N,11,2,2025-11-18,71381876,785200638.23,,,,,원천_사업자번호집계,
476,4014169401,제수밸브,3081801330,3081801330,봄상사,N,N,11,2,2025-07-07,55111393,606225320.0,,,,,원천_사업자번호집계,
477,4014169401,제수밸브,5500201944,5500201944,엔와이씨(NYC),N,N,10,3,2025-11-11,81480343,814803430.0,,,,,원천_사업자번호집계,
478,4014169401,제수밸브,4991402199,4991402199,제이에이치물산,N,N,10,2,2025-12-30,61855477,618554774.0,,,,,원천_사업자번호집계,
479,4014169401,제수밸브,2963400907,2963400907,재이컴퍼니,N,N,10,3,2025-10-29,54527532,545275324.0,,,,,원천_사업자번호집계,
480,4014169401,제수밸브,7761201564,7761201564,솜이네,N,N,10,3,2025-09-16,53166611,531666110.0,,,,,원천_사업자번호집계,
481,4014169401,제수밸브,7035400363,7035400363,그린유통,N,N,10,1,2025-06-27,44760704,447607035.0,,,,,원천_사업자번호집계,
482,4014169401,제수밸브,3201402122,3201402122,나도상사,N,N,10,1,2025-01-20,40534903,405349030.0,,,,,원천_사업자번호집계,
483,4014169401,제수밸브,4154400910,4154400910,히또컴퍼니,N,N,10,2,2025-07-10,31780695,317806954.86,,,,,원천_사업자번호집계,
484,4014169401,제수밸브,7245500542,7245500542,씨지테크,N,N,9,3,2025-10-17,74492484,670432360.0,,,,,원천_사업자번호집계,
485,4014169401,제수밸브,2338601340,2338601340,창조토건주식회사,N,N,9,4,2025-11-04,55956038,503604338.0,,,,,원천_사업자번호집계,
486,4014169401,제수밸브,7180103124,7180103124,제이와이시스템,N,N,9,4,2025-11-11,38296549,344668940.0,,,,,원천_사업자번호집계,
487,4014169401,제수밸브,6803001364,6803001364,아프로플러스,N,N,9,2,2025-03-14,22979955,206819593.67,,,,,원천_사업자번호집계,
488,4014169401,제수밸브,4530901680,4530901680,케이시라,N,N,8,2,2025-08-05,105729799,845838390.0,,,,,원천_사업자번호집계,
489,4014169401,제수밸브,4801701799,4801701799,와이에스컴퍼니,N,N,8,3,2025-11-07,88151271,705210164.08,,,,,원천_사업자번호집계,
490,4014169401,제수밸브,3973600790,3973600790,레버너스,N,N,8,1,2025-07-01,83947769,671582152.0,,,,,원천_사업자번호집계,
491,4014169401,제수밸브,6276300509,6276300509,이루리,N,N,8,2,2025-10-13,76928969,615431750.0,,,,,원천_사업자번호집계,
492,4014169401,제수밸브,6945900481,6945900481,비앤와이컴퍼니,N,N,8,1,2025-06-20,62979068,503832540.0,,,,,원천_사업자번호집계,
493,4014169401,제수밸브,6083693694,6083693694,재동상사,N,N,8,4,2025-12-31,53920667,431365337.11,,,,,원천_사업자번호집계,
494,4014169401,제수밸브,8472101169,8472101169,대일컴퍼니,N,N,8,,2024-06-28,50894972,407159780.0,,,,,원천_사업자번호집계,
495,4014169401,제수밸브,2292003061,2292003061,엘라시스템,N,N,8,1,2025-09-24,50470610,403764880.0,,,,,원천_사업자번호집계,
496,4014169401,제수밸브,7850902363,7850902363,레몬,N,N,8,2,2025-04-04,36419249,291353990.0,,,,,원천_사업자번호집계,
497,4014169401,제수밸브,5081296304,5081296304,달란트(talent)상사,N,N,8,2,2025-05-20,25600830,204806640.49,,,,,원천_사업자번호집계,
498,4014169401,제수밸브,2362501649,2362501649,영재유통,N,N,7,1,2025-06-03,90702153,634915068.04,,,,,원천_사업자번호집계,
499,4014169401,제수밸브,4164200700,4164200700,건영,N,N,7,,2024-09-25,81776790,572437530.0,,,,,원천_사업자번호집계,
500,4014169401,제수밸브,3253301264,3253301264,미정유통,N,N,7,4,2025-10-25,69164992,484154945.0,,,,,원천_사업자번호집계,
